canonical_venue,month,temp_c_mean,precip_mm_daily_mean,windmax_kmh_mean,rh_pct_mean,source,period
"Wankhede Stadium, Mumbai",1,23.55,0.04,19.24,65.9,open-meteo-archive,2015-01-01..2024-12-31
"Wankhede Stadium, Mumbai",2,24.76,0.04,21.27,62.8,open-meteo-archive,2015-01-01..2024-12-31
"Wankhede Stadium, Mumbai",3,26.78,0.09,21.93,66.2,open-meteo-archive,2015-01-01..2024-12-31
"Wankhede Stadium, Mumbai",4,28.44,0.01,22.33,73.9,open-meteo-archive,2015-01-01..2024-12-31
"Wankhede Stadium, Mumbai",5,29.65,0.99,21.71,75.4,open-meteo-archive,2015-01-01..2024-12-31
"Wankhede Stadium, Mumbai",6,28.18,15.16,22.62,83.2,open-meteo-archive,2015-01-01..2024-12-31
"Wankhede Stadium, Mumbai",7,26.80,24.72,24.92,87.9,open-meteo-archive,2015-01-01..2024-12-31
"Wankhede Stadium, Mumbai",8,26.62,13.97,23.08,86.9,open-meteo-archive,2015-01-01..2024-12-31
"Wankhede Stadium, Mumbai",9,26.79,14.00,18.82,86.5,open-meteo-archive,2015-01-01..2024-12-31
"Wankhede Stadium, Mumbai",10,27.66,3.45,16.02,80.3,open-meteo-archive,2015-01-01..2024-12-31
"Wankhede Stadium, Mumbai",11,27.01,0.20,17.12,66.5,open-meteo-archive,2015-01-01..2024-12-31
"Wankhede Stadium, Mumbai",12,25.22,0.56,17.29,66.0,open-meteo-archive,2015-01-01..2024-12-31
"Eden Gardens, Kolkata",1,18.88,0.60,11.19,72.0,open-meteo-archive,2015-01-01..2024-12-31
"Eden Gardens, Kolkata",2,22.66,0.85,11.83,67.5,open-meteo-archive,2015-01-01..2024-12-31
"Eden Gardens, Kolkata",3,26.71,1.25,13.99,68.0,open-meteo-archive,2015-01-01..2024-12-31
"Eden Gardens, Kolkata",4,29.74,2.62,18.12,71.2,open-meteo-archive,2015-01-01..2024-12-31
"Eden Gardens, Kolkata",5,30.01,4.69,19.20,76.8,open-meteo-archive,2015-01-01..2024-12-31
"Eden Gardens, Kolkata",6,29.71,7.85,17.96,81.6,open-meteo-archive,2015-01-01..2024-12-31
"Eden Gardens, Kolkata",7,28.47,12.97,17.40,85.8,open-meteo-archive,2015-01-01..2024-12-31
"Eden Gardens, Kolkata",8,28.19,12.35,16.24,86.7,open-meteo-archive,2015-01-01..2024-12-31
"Eden Gardens, Kolkata",9,28.01,9.76,14.74,87.2,open-meteo-archive,2015-01-01..2024-12-31
"Eden Gardens, Kolkata",10,26.89,5.76,11.76,83.0,open-meteo-archive,2015-01-01..2024-12-31
"Eden Gardens, Kolkata",11,23.77,1.12,10.53,73.7,open-meteo-archive,2015-01-01..2024-12-31
"Eden Gardens, Kolkata",12,20.13,1.02,10.76,72.9,open-meteo-archive,2015-01-01..2024-12-31
"Edgbaston, Birmingham",1,4.19,1.81,23.48,87.9,open-meteo-archive,2015-01-01..2024-12-31
"Edgbaston, Birmingham",2,5.10,2.08,25.07,83.8,open-meteo-archive,2015-01-01..2024-12-31
"Edgbaston, Birmingham",3,6.19,2.26,23.73,81.2,open-meteo-archive,2015-01-01..2024-12-31
"Edgbaston, Birmingham",4,8.11,1.63,20.27,75.7,open-meteo-archive,2015-01-01..2024-12-31
"Edgbaston, Birmingham",5,11.84,2.28,19.69,75.2,open-meteo-archive,2015-01-01..2024-12-31
"Edgbaston, Birmingham",6,14.98,2.44,19.37,74.3,open-meteo-archive,2015-01-01..2024-12-31
"Edgbaston, Birmingham",7,16.74,2.29,19.50,73.6,open-meteo-archive,2015-01-01..2024-12-31
"Edgbaston, Birmingham",8,16.35,2.21,19.99,76.3,open-meteo-archive,2015-01-01..2024-12-31
"Edgbaston, Birmingham",9,14.04,2.39,20.12,80.5,open-meteo-archive,2015-01-01..2024-12-31
"Edgbaston, Birmingham",10,10.86,2.57,21.96,85.1,open-meteo-archive,2015-01-01..2024-12-31
"Edgbaston, Birmingham",11,7.15,2.35,22.23,88.3,open-meteo-archive,2015-01-01..2024-12-31
"Edgbaston, Birmingham",12,5.90,2.44,23.47,89.9,open-meteo-archive,2015-01-01..2024-12-31
"M Chinnaswamy Stadium, Bengaluru",1,21.03,0.40,16.09,64.4,open-meteo-archive,2015-01-01..2024-12-31
"M Chinnaswamy Stadium, Bengaluru",2,22.85,0.13,16.84,53.2,open-meteo-archive,2015-01-01..2024-12-31
"M Chinnaswamy Stadium, Bengaluru",3,25.66,0.47,16.70,48.6,open-meteo-archive,2015-01-01..2024-12-31
"M Chinnaswamy Stadium, Bengaluru",4,27.18,1.06,15.35,52.2,open-meteo-archive,2015-01-01..2024-12-31
"M Chinnaswamy Stadium, Bengaluru",5,25.79,3.85,15.04,69.5,open-meteo-archive,2015-01-01..2024-12-31
"M Chinnaswamy Stadium, Bengaluru",6,23.59,4.59,21.05,78.9,open-meteo-archive,2015-01-01..2024-12-31
"M Chinnaswamy Stadium, Bengaluru",7,22.74,5.32,23.50,80.9,open-meteo-archive,2015-01-01..2024-12-31
"M Chinnaswamy Stadium, Bengaluru",8,22.74,4.67,20.83,80.4,open-meteo-archive,2015-01-01..2024-12-31
"M Chinnaswamy Stadium, Bengaluru",9,22.68,4.83,18.16,81.0,open-meteo-archive,2015-01-01..2024-12-31
"M Chinnaswamy Stadium, Bengaluru",10,22.54,4.54,14.02,77.4,open-meteo-archive,2015-01-01..2024-12-31
"M Chinnaswamy Stadium, Bengaluru",11,21.74,3.63,16.44,76.2,open-meteo-archive,2015-01-01..2024-12-31
"M Chinnaswamy Stadium, Bengaluru",12,20.90,1.18,16.36,74.0,open-meteo-archive,2015-01-01..2024-12-31
"Gahanga International Cricket Stadium, Rwanda",1,20.57,2.33,10.59,72.1,open-meteo-archive,2015-01-01..2024-12-31
"Gahanga International Cricket Stadium, Rwanda",2,20.87,2.43,10.84,72.7,open-meteo-archive,2015-01-01..2024-12-31
"Gahanga International Cricket Stadium, Rwanda",3,20.53,2.93,10.24,76.0,open-meteo-archive,2015-01-01..2024-12-31
"Gahanga International Cricket Stadium, Rwanda",4,19.87,4.48,9.58,80.7,open-meteo-archive,2015-01-01..2024-12-31
"Gahanga International Cricket Stadium, Rwanda",5,20.19,1.91,9.87,74.5,open-meteo-archive,2015-01-01..2024-12-31
"Gahanga International Cricket Stadium, Rwanda",6,20.52,0.32,10.55,61.1,open-meteo-archive,2015-01-01..2024-12-31
"Gahanga International Cricket Stadium, Rwanda",7,21.11,0.08,11.22,51.1,open-meteo-archive,2015-01-01..2024-12-31
"Gahanga International Cricket Stadium, Rwanda",8,21.67,0.81,12.43,54.3,open-meteo-archive,2015-01-01..2024-12-31
"Gahanga International Cricket Stadium, Rwanda",9,21.33,1.72,13.36,64.7,open-meteo-archive,2015-01-01..2024-12-31
"Gahanga International Cricket Stadium, Rwanda",10,20.77,3.40,12.94,70.7,open-meteo-archive,2015-01-01..2024-12-31
"Gahanga International Cricket Stadium, Rwanda",11,19.89,3.97,11.72,77.5,open-meteo-archive,2015-01-01..2024-12-31
"Gahanga International Cricket Stadium, Rwanda",12,19.91,3.18,11.08,77.6,open-meteo-archive,2015-01-01..2024-12-31
"Gaddafi Stadium, Lahore",1,11.60,1.35,10.71,79.4,open-meteo-archive,2015-01-01..2024-12-31
"Gaddafi Stadium, Lahore",2,15.61,1.16,13.35,68.7,open-meteo-archive,2015-01-01..2024-12-31
"Gaddafi Stadium, Lahore",3,20.44,1.72,15.59,62.6,open-meteo-archive,2015-01-01..2024-12-31
"Gaddafi Stadium, Lahore",4,26.74,0.75,17.71,44.8,open-meteo-archive,2015-01-01..2024-12-31
"Gaddafi Stadium, Lahore",5,31.59,0.49,17.86,36.1,open-meteo-archive,2015-01-01..2024-12-31
"Gaddafi Stadium, Lahore",6,33.08,1.49,16.31,48.4,open-meteo-archive,2015-01-01..2024-12-31
"Gaddafi Stadium, Lahore",7,30.64,4.75,14.69,74.4,open-meteo-archive,2015-01-01..2024-12-31
"Gaddafi Stadium, Lahore",8,30.04,4.32,12.92,76.9,open-meteo-archive,2015-01-01..2024-12-31
"Gaddafi Stadium, Lahore",9,29.42,1.80,12.06,69.1,open-meteo-archive,2015-01-01..2024-12-31
"Gaddafi Stadium, Lahore",10,25.33,0.60,11.95,60.5,open-meteo-archive,2015-01-01..2024-12-31
"Gaddafi Stadium, Lahore",11,18.96,0.40,11.21,68.2,open-meteo-archive,2015-01-01..2024-12-31
"Gaddafi Stadium, Lahore",12,13.72,0.27,9.74,72.9,open-meteo-archive,2015-01-01..2024-12-31
"Kennington Oval, London",1,4.75,1.98,23.02,86.5,open-meteo-archive,2015-01-01..2024-12-31
"Kennington Oval, London",2,5.94,1.89,25.21,82.2,open-meteo-archive,2015-01-01..2024-12-31
"Kennington Oval, London",3,7.32,1.86,24.15,79.2,open-meteo-archive,2015-01-01..2024-12-31
"Kennington Oval, London",4,9.31,1.35,20.69,73.7,open-meteo-archive,2015-01-01..2024-12-31
"Kennington Oval, London",5,13.01,1.86,20.50,73.7,open-meteo-archive,2015-01-01..2024-12-31
"Kennington Oval, London",6,16.43,2.02,20.10,72.3,open-meteo-archive,2015-01-01..2024-12-31
"Kennington Oval, London",7,18.39,1.96,20.43,70.5,open-meteo-archive,2015-01-01..2024-12-31
"Kennington Oval, London",8,18.03,1.81,20.25,73.9,open-meteo-archive,2015-01-01..2024-12-31
"Kennington Oval, London",9,15.54,2.11,20.05,77.5,open-meteo-archive,2015-01-01..2024-12-31
"Kennington Oval, London",10,12.15,2.48,21.77,83.3,open-meteo-archive,2015-01-01..2024-12-31
"Kennington Oval, London",11,8.18,2.18,21.65,86.2,open-meteo-archive,2015-01-01..2024-12-31
"Kennington Oval, London",12,6.81,2.10,22.62,88.0,open-meteo-archive,2015-01-01..2024-12-31
"Kingsmead, Durban",1,24.15,3.10,23.33,77.2,open-meteo-archive,2015-01-01..2024-12-31
"Kingsmead, Durban",2,24.25,3.44,22.48,78.0,open-meteo-archive,2015-01-01..2024-12-31
"Kingsmead, Durban",3,23.66,2.70,22.13,79.0,open-meteo-archive,2015-01-01..2024-12-31
"Kingsmead, Durban",4,21.43,3.31,21.24,77.4,open-meteo-archive,2015-01-01..2024-12-31
"Kingsmead, Durban",5,19.57,2.16,19.15,73.9,open-meteo-archive,2015-01-01..2024-12-31
"Kingsmead, Durban",6,17.54,0.66,19.31,67.2,open-meteo-archive,2015-01-01..2024-12-31
"Kingsmead, Durban",7,16.96,1.06,20.37,64.9,open-meteo-archive,2015-01-01..2024-12-31
"Kingsmead, Durban",8,17.82,1.03,22.33,69.3,open-meteo-archive,2015-01-01..2024-12-31
"Kingsmead, Durban",9,19.04,2.30,23.84,75.7,open-meteo-archive,2015-01-01..2024-12-31
"Kingsmead, Durban",10,20.03,3.16,24.91,76.3,open-meteo-archive,2015-01-01..2024-12-31
"Kingsmead, Durban",11,21.43,2.89,24.26,77.4,open-meteo-archive,2015-01-01..2024-12-31
"Kingsmead, Durban",12,23.16,3.18,23.28,78.8,open-meteo-archive,2015-01-01..2024-12-31
"Trent Bridge, Nottingham",1,4.41,1.63,24.94,86.4,open-meteo-archive,2015-01-01..2024-12-31
"Trent Bridge, Nottingham",2,5.41,2.00,26.84,82.4,open-meteo-archive,2015-01-01..2024-12-31
"Trent Bridge, Nottingham",3,6.58,2.22,25.29,79.8,open-meteo-archive,2015-01-01..2024-12-31
"Trent Bridge, Nottingham",4,8.44,1.52,21.92,74.6,open-meteo-archive,2015-01-01..2024-12-31
"Trent Bridge, Nottingham",5,12.16,2.14,21.13,74.8,open-meteo-archive,2015-01-01..2024-12-31
"Trent Bridge, Nottingham",6,15.25,2.23,20.92,74.0,open-meteo-archive,2015-01-01..2024-12-31
"Trent Bridge, Nottingham",7,17.19,2.34,20.96,72.7,open-meteo-archive,2015-01-01..2024-12-31
"Trent Bridge, Nottingham",8,16.85,2.20,22.05,74.8,open-meteo-archive,2015-01-01..2024-12-31
"Trent Bridge, Nottingham",9,14.41,2.22,21.56,79.2,open-meteo-archive,2015-01-01..2024-12-31
"Trent Bridge, Nottingham",10,11.22,2.53,23.61,83.8,open-meteo-archive,2015-01-01..2024-12-31
"Trent Bridge, Nottingham",11,7.42,2.17,23.45,87.0,open-meteo-archive,2015-01-01..2024-12-31
"Trent Bridge, Nottingham",12,6.07,2.23,24.87,88.6,open-meteo-archive,2015-01-01..2024-12-31
"R Premadasa Stadium, Colombo",1,26.12,2.52,16.17,76.9,open-meteo-archive,2015-01-01..2024-12-31
"R Premadasa Stadium, Colombo",2,26.88,1.91,15.82,76.1,open-meteo-archive,2015-01-01..2024-12-31
"R Premadasa Stadium, Colombo",3,27.43,3.42,14.03,79.8,open-meteo-archive,2015-01-01..2024-12-31
"R Premadasa Stadium, Colombo",4,27.67,5.33,13.58,82.6,open-meteo-archive,2015-01-01..2024-12-31
"R Premadasa Stadium, Colombo",5,27.37,13.61,17.81,85.9,open-meteo-archive,2015-01-01..2024-12-31
"R Premadasa Stadium, Colombo",6,27.07,10.17,19.62,85.7,open-meteo-archive,2015-01-01..2024-12-31
"R Premadasa Stadium, Colombo",7,26.92,7.21,19.89,85.2,open-meteo-archive,2015-01-01..2024-12-31
"R Premadasa Stadium, Colombo",8,26.65,7.85,19.61,85.7,open-meteo-archive,2015-01-01..2024-12-31
"R Premadasa Stadium, Colombo",9,26.43,9.78,18.24,86.2,open-meteo-archive,2015-01-01..2024-12-31
"R Premadasa Stadium, Colombo",10,26.13,12.66,15.77,87.3,open-meteo-archive,2015-01-01..2024-12-31
"R Premadasa Stadium, Colombo",11,25.77,12.98,13.30,87.7,open-meteo-archive,2015-01-01..2024-12-31
"R Premadasa Stadium, Colombo",12,25.91,5.43,14.21,83.8,open-meteo-archive,2015-01-01..2024-12-31
"MA Chidambaram Stadium, Chepauk, Chennai",1,24.99,0.84,17.01,75.7,open-meteo-archive,2015-01-01..2024-12-31
"MA Chidambaram Stadium, Chepauk, Chennai",2,25.69,0.18,16.73,75.1,open-meteo-archive,2015-01-01..2024-12-31
"MA Chidambaram Stadium, Chepauk, Chennai",3,27.54,0.36,19.29,77.0,open-meteo-archive,2015-01-01..2024-12-31
"MA Chidambaram Stadium, Chepauk, Chennai",4,29.53,0.41,22.47,77.2,open-meteo-archive,2015-01-01..2024-12-31
"MA Chidambaram Stadium, Chepauk, Chennai",5,30.56,2.60,22.59,74.7,open-meteo-archive,2015-01-01..2024-12-31
"MA Chidambaram Stadium, Chepauk, Chennai",6,30.42,2.32,21.74,69.5,open-meteo-archive,2015-01-01..2024-12-31
"MA Chidambaram Stadium, Chepauk, Chennai",7,29.56,3.43,20.24,71.0,open-meteo-archive,2015-01-01..2024-12-31
"MA Chidambaram Stadium, Chepauk, Chennai",8,29.03,4.31,18.83,75.0,open-meteo-archive,2015-01-01..2024-12-31
"MA Chidambaram Stadium, Chepauk, Chennai",9,28.54,4.74,17.51,79.0,open-meteo-archive,2015-01-01..2024-12-31
"MA Chidambaram Stadium, Chepauk, Chennai",10,27.61,6.27,15.87,81.5,open-meteo-archive,2015-01-01..2024-12-31
"MA Chidambaram Stadium, Chepauk, Chennai",11,26.14,12.45,19.39,83.2,open-meteo-archive,2015-01-01..2024-12-31
"MA Chidambaram Stadium, Chepauk, Chennai",12,25.45,5.56,19.88,79.1,open-meteo-archive,2015-01-01..2024-12-31
"Sheikh Zayed Stadium, Abu Dhabi",1,19.87,0.50,21.95,66.1,open-meteo-archive,2015-01-01..2024-12-31
"Sheikh Zayed Stadium, Abu Dhabi",2,20.92,0.24,24.03,62.2,open-meteo-archive,2015-01-01..2024-12-31
"Sheikh Zayed Stadium, Abu Dhabi",3,23.99,0.46,25.49,57.3,open-meteo-archive,2015-01-01..2024-12-31
"Sheikh Zayed Stadium, Abu Dhabi",4,27.91,0.31,25.77,49.5,open-meteo-archive,2015-01-01..2024-12-31
"Sheikh Zayed Stadium, Abu Dhabi",5,31.94,0.07,26.14,47.9,open-meteo-archive,2015-01-01..2024-12-31
"Sheikh Zayed Stadium, Abu Dhabi",6,34.43,0.00,26.00,52.5,open-meteo-archive,2015-01-01..2024-12-31
"Sheikh Zayed Stadium, Abu Dhabi",7,36.18,0.01,25.01,51.2,open-meteo-archive,2015-01-01..2024-12-31
"Sheikh Zayed Stadium, Abu Dhabi",8,36.00,0.02,24.70,52.2,open-meteo-archive,2015-01-01..2024-12-31
"Sheikh Zayed Stadium, Abu Dhabi",9,33.79,0.01,23.44,57.4,open-meteo-archive,2015-01-01..2024-12-31
"Sheikh Zayed Stadium, Abu Dhabi",10,30.49,0.03,22.18,60.4,open-meteo-archive,2015-01-01..2024-12-31
"Sheikh Zayed Stadium, Abu Dhabi",11,26.23,0.08,20.92,60.5,open-meteo-archive,2015-01-01..2024-12-31
"Sheikh Zayed Stadium, Abu Dhabi",12,22.06,0.11,19.99,66.3,open-meteo-archive,2015-01-01..2024-12-31
"The Rose Bowl, Southampton",1,5.31,2.40,23.29,86.1,open-meteo-archive,2015-01-01..2024-12-31
"The Rose Bowl, Southampton",2,6.22,2.47,24.74,82.7,open-meteo-archive,2015-01-01..2024-12-31
"The Rose Bowl, Southampton",3,7.42,2.41,23.67,80.4,open-meteo-archive,2015-01-01..2024-12-31
"The Rose Bowl, Southampton",4,9.34,1.56,20.11,75.0,open-meteo-archive,2015-01-01..2024-12-31
"The Rose Bowl, Southampton",5,12.78,2.01,19.51,75.2,open-meteo-archive,2015-01-01..2024-12-31
"The Rose Bowl, Southampton",6,15.97,1.95,19.36,74.7,open-meteo-archive,2015-01-01..2024-12-31
"The Rose Bowl, Southampton",7,17.79,1.89,20.18,73.9,open-meteo-archive,2015-01-01..2024-12-31
"The Rose Bowl, Southampton",8,17.49,2.25,19.80,77.3,open-meteo-archive,2015-01-01..2024-12-31
"The Rose Bowl, Southampton",9,15.38,2.38,19.76,79.0,open-meteo-archive,2015-01-01..2024-12-31
"The Rose Bowl, Southampton",10,12.39,3.16,21.72,83.5,open-meteo-archive,2015-01-01..2024-12-31
"The Rose Bowl, Southampton",11,8.72,2.83,22.78,85.6,open-meteo-archive,2015-01-01..2024-12-31
"The Rose Bowl, Southampton",12,7.40,2.86,23.64,87.4,open-meteo-archive,2015-01-01..2024-12-31
"Sophia Gardens, Cardiff",1,5.32,3.30,24.38,86.8,open-meteo-archive,2015-01-01..2024-12-31
"Sophia Gardens, Cardiff",2,6.04,3.73,26.07,83.8,open-meteo-archive,2015-01-01..2024-12-31
"Sophia Gardens, Cardiff",3,7.07,3.46,24.68,81.3,open-meteo-archive,2015-01-01..2024-12-31
"Sophia Gardens, Cardiff",4,9.08,2.21,20.99,75.9,open-meteo-archive,2015-01-01..2024-12-31
"Sophia Gardens, Cardiff",5,12.44,2.68,20.83,76.5,open-meteo-archive,2015-01-01..2024-12-31
"Sophia Gardens, Cardiff",6,15.40,2.20,20.66,76.2,open-meteo-archive,2015-01-01..2024-12-31
"Sophia Gardens, Cardiff",7,16.93,2.78,20.88,76.9,open-meteo-archive,2015-01-01..2024-12-31
"Sophia Gardens, Cardiff",8,16.62,3.24,21.17,79.8,open-meteo-archive,2015-01-01..2024-12-31
"Sophia Gardens, Cardiff",9,14.70,3.51,20.85,81.5,open-meteo-archive,2015-01-01..2024-12-31
"Sophia Gardens, Cardiff",10,11.84,4.46,21.92,84.5,open-meteo-archive,2015-01-01..2024-12-31
"Sophia Gardens, Cardiff",11,8.40,3.72,23.74,86.6,open-meteo-archive,2015-01-01..2024-12-31
"Sophia Gardens, Cardiff",12,7.12,4.61,25.07,88.5,open-meteo-archive,2015-01-01..2024-12-31
"Old Trafford, Manchester",1,4.60,3.28,22.44,86.9,open-meteo-archive,2015-01-01..2024-12-31
"Old Trafford, Manchester",2,5.39,3.51,24.54,82.6,open-meteo-archive,2015-01-01..2024-12-31
"Old Trafford, Manchester",3,6.54,3.28,23.27,79.9,open-meteo-archive,2015-01-01..2024-12-31
"Old Trafford, Manchester",4,8.52,2.10,20.59,74.6,open-meteo-archive,2015-01-01..2024-12-31
"Old Trafford, Manchester",5,12.10,2.39,19.78,75.4,open-meteo-archive,2015-01-01..2024-12-31
"Old Trafford, Manchester",6,15.06,2.94,19.08,75.1,open-meteo-archive,2015-01-01..2024-12-31
"Old Trafford, Manchester",7,16.39,3.63,19.09,77.4,open-meteo-archive,2015-01-01..2024-12-31
"Old Trafford, Manchester",8,16.14,3.53,19.58,79.1,open-meteo-archive,2015-01-01..2024-12-31
"Old Trafford, Manchester",9,14.02,3.19,19.63,81.4,open-meteo-archive,2015-01-01..2024-12-31
"Old Trafford, Manchester",10,11.10,3.65,21.35,84.0,open-meteo-archive,2015-01-01..2024-12-31
"Old Trafford, Manchester",11,7.46,3.40,21.20,86.8,open-meteo-archive,2015-01-01..2024-12-31
"Old Trafford, Manchester",12,6.11,3.82,21.92,88.4,open-meteo-archive,2015-01-01..2024-12-31
"Riverside Ground, Chester-le-Street",1,4.17,2.12,26.61,84.7,open-meteo-archive,2015-01-01..2024-12-31
"Riverside Ground, Chester-le-Street",2,4.87,2.35,27.38,81.7,open-meteo-archive,2015-01-01..2024-12-31
"Riverside Ground, Chester-le-Street",3,5.91,2.23,24.62,80.3,open-meteo-archive,2015-01-01..2024-12-31
"Riverside Ground, Chester-le-Street",4,7.39,1.87,21.41,77.5,open-meteo-archive,2015-01-01..2024-12-31
"Riverside Ground, Chester-le-Street",5,11.06,2.14,20.24,77.7,open-meteo-archive,2015-01-01..2024-12-31
"Riverside Ground, Chester-le-Street",6,13.83,2.38,20.14,76.5,open-meteo-archive,2015-01-01..2024-12-31
"Riverside Ground, Chester-le-Street",7,15.73,3.03,20.17,76.9,open-meteo-archive,2015-01-01..2024-12-31
"Riverside Ground, Chester-le-Street",8,15.47,2.52,21.14,78.3,open-meteo-archive,2015-01-01..2024-12-31
"Riverside Ground, Chester-le-Street",9,13.27,2.44,21.29,81.2,open-meteo-archive,2015-01-01..2024-12-31
"Riverside Ground, Chester-le-Street",10,10.37,2.76,23.81,84.0,open-meteo-archive,2015-01-01..2024-12-31
"Riverside Ground, Chester-le-Street",11,6.77,2.54,23.90,86.5,open-meteo-archive,2015-01-01..2024-12-31
"Riverside Ground, Chester-le-Street",12,5.37,2.71,25.16,87.2,open-meteo-archive,2015-01-01..2024-12-31
"Sawai Mansingh Stadium, Jaipur",1,14.35,0.44,11.97,64.0,open-meteo-archive,2015-01-01..2024-12-31
"Sawai Mansingh Stadium, Jaipur",2,18.75,0.13,13.74,47.8,open-meteo-archive,2015-01-01..2024-12-31
"Sawai Mansingh Stadium, Jaipur",3,23.93,0.53,15.74,39.6,open-meteo-archive,2015-01-01..2024-12-31
"Sawai Mansingh Stadium, Jaipur",4,30.04,0.21,17.83,25.2,open-meteo-archive,2015-01-01..2024-12-31
"Sawai Mansingh Stadium, Jaipur",5,33.22,0.58,20.08,28.5,open-meteo-archive,2015-01-01..2024-12-31
"Sawai Mansingh Stadium, Jaipur",6,32.94,2.13,19.16,46.2,open-meteo-archive,2015-01-01..2024-12-31
"Sawai Mansingh Stadium, Jaipur",7,29.16,7.03,16.62,73.7,open-meteo-archive,2015-01-01..2024-12-31
"Sawai Mansingh Stadium, Jaipur",8,27.54,5.62,16.63,78.9,open-meteo-archive,2015-01-01..2024-12-31
"Sawai Mansingh Stadium, Jaipur",9,27.70,2.82,14.85,70.8,open-meteo-archive,2015-01-01..2024-12-31
"Sawai Mansingh Stadium, Jaipur",10,26.16,0.47,12.61,47.9,open-meteo-archive,2015-01-01..2024-12-31
"Sawai Mansingh Stadium, Jaipur",11,21.08,0.17,11.10,51.7,open-meteo-archive,2015-01-01..2024-12-31
"Sawai Mansingh Stadium, Jaipur",12,15.89,0.19,10.86,57.9,open-meteo-archive,2015-01-01..2024-12-31
"Bellerive Oval, Hobart",1,17.57,1.91,18.69,67.3,open-meteo-archive,2015-01-01..2024-12-31
"Bellerive Oval, Hobart",2,16.80,1.40,18.73,67.0,open-meteo-archive,2015-01-01..2024-12-31
"Bellerive Oval, Hobart",3,15.38,1.77,17.18,71.3,open-meteo-archive,2015-01-01..2024-12-31
"Bellerive Oval, Hobart",4,12.91,1.30,15.85,74.7,open-meteo-archive,2015-01-01..2024-12-31
"Bellerive Oval, Hobart",5,10.09,1.80,16.20,78.8,open-meteo-archive,2015-01-01..2024-12-31
"Bellerive Oval, Hobart",6,8.33,1.98,14.91,82.5,open-meteo-archive,2015-01-01..2024-12-31
"Bellerive Oval, Hobart",7,7.83,1.38,16.50,79.7,open-meteo-archive,2015-01-01..2024-12-31
"Bellerive Oval, Hobart",8,8.53,1.97,17.71,77.6,open-meteo-archive,2015-01-01..2024-12-31
"Bellerive Oval, Hobart",9,10.20,1.70,18.78,73.7,open-meteo-archive,2015-01-01..2024-12-31
"Bellerive Oval, Hobart",10,12.13,2.53,18.81,71.5,open-meteo-archive,2015-01-01..2024-12-31
"Bellerive Oval, Hobart",11,14.10,2.41,18.97,70.1,open-meteo-archive,2015-01-01..2024-12-31
"Bellerive Oval, Hobart",12,15.89,2.13,19.20,67.6,open-meteo-archive,2015-01-01..2024-12-31
"SuperSport Park, Centurion",1,21.43,3.27,17.82,63.6,open-meteo-archive,2015-01-01..2024-12-31
"SuperSport Park, Centurion",2,21.20,3.69,17.58,65.2,open-meteo-archive,2015-01-01..2024-12-31
"SuperSport Park, Centurion",3,20.21,2.03,16.65,61.8,open-meteo-archive,2015-01-01..2024-12-31
"SuperSport Park, Centurion",4,17.28,1.74,16.20,62.2,open-meteo-archive,2015-01-01..2024-12-31
"SuperSport Park, Centurion",5,14.84,0.51,15.42,52.6,open-meteo-archive,2015-01-01..2024-12-31
"SuperSport Park, Centurion",6,11.76,0.15,16.68,49.9,open-meteo-archive,2015-01-01..2024-12-31
"SuperSport Park, Centurion",7,11.74,0.16,16.86,44.5,open-meteo-archive,2015-01-01..2024-12-31
"SuperSport Park, Centurion",8,15.04,0.06,18.79,39.4,open-meteo-archive,2015-01-01..2024-12-31
"SuperSport Park, Centurion",9,18.76,0.39,20.16,38.9,open-meteo-archive,2015-01-01..2024-12-31
"SuperSport Park, Centurion",10,20.31,1.25,20.65,45.6,open-meteo-archive,2015-01-01..2024-12-31
"SuperSport Park, Centurion",11,20.90,2.27,20.18,54.7,open-meteo-archive,2015-01-01..2024-12-31
"SuperSport Park, Centurion",12,21.52,3.22,18.75,63.0,open-meteo-archive,2015-01-01..2024-12-31
"Headingley, Leeds",1,4.25,2.14,25.46,86.4,open-meteo-archive,2015-01-01..2024-12-31
"Headingley, Leeds",2,4.92,2.74,26.41,83.0,open-meteo-archive,2015-01-01..2024-12-31
"Headingley, Leeds",3,6.00,2.57,24.51,81.0,open-meteo-archive,2015-01-01..2024-12-31
"Headingley, Leeds",4,7.80,1.69,21.52,76.5,open-meteo-archive,2015-01-01..2024-12-31
"Headingley, Leeds",5,11.44,2.04,20.74,76.9,open-meteo-archive,2015-01-01..2024-12-31
"Headingley, Leeds",6,14.41,2.39,20.42,76.0,open-meteo-archive,2015-01-01..2024-12-31
"Headingley, Leeds",7,16.17,2.58,20.50,76.2,open-meteo-archive,2015-01-01..2024-12-31
"Headingley, Leeds",8,15.88,2.40,21.38,77.8,open-meteo-archive,2015-01-01..2024-12-31
"Headingley, Leeds",9,13.61,2.53,20.81,81.1,open-meteo-archive,2015-01-01..2024-12-31
"Headingley, Leeds",10,10.57,2.91,23.18,84.6,open-meteo-archive,2015-01-01..2024-12-31
"Headingley, Leeds",11,7.01,2.42,22.92,87.0,open-meteo-archive,2015-01-01..2024-12-31
"Headingley, Leeds",12,5.63,2.68,24.28,88.3,open-meteo-archive,2015-01-01..2024-12-31
"Arun Jaitley Stadium, Delhi",1,12.81,1.06,12.98,78.5,open-meteo-archive,2015-01-01..2024-12-31
"Arun Jaitley Stadium, Delhi",2,16.78,0.82,14.93,68.8,open-meteo-archive,2015-01-01..2024-12-31
"Arun Jaitley Stadium, Delhi",3,22.08,0.99,16.72,57.7,open-meteo-archive,2015-01-01..2024-12-31
"Arun Jaitley Stadium, Delhi",4,28.77,0.33,18.41,36.3,open-meteo-archive,2015-01-01..2024-12-31
"Arun Jaitley Stadium, Delhi",5,31.89,1.02,19.03,39.3,open-meteo-archive,2015-01-01..2024-12-31
"Arun Jaitley Stadium, Delhi",6,32.91,2.12,18.00,52.1,open-meteo-archive,2015-01-01..2024-12-31
"Arun Jaitley Stadium, Delhi",7,29.83,7.88,15.32,77.3,open-meteo-archive,2015-01-01..2024-12-31
"Arun Jaitley Stadium, Delhi",8,28.97,5.19,15.03,80.1,open-meteo-archive,2015-01-01..2024-12-31
"Arun Jaitley Stadium, Delhi",9,28.30,4.13,14.43,76.4,open-meteo-archive,2015-01-01..2024-12-31
"Arun Jaitley Stadium, Delhi",10,25.39,0.58,12.40,63.6,open-meteo-archive,2015-01-01..2024-12-31
"Arun Jaitley Stadium, Delhi",11,20.23,0.20,12.13,64.5,open-meteo-archive,2015-01-01..2024-12-31
"Arun Jaitley Stadium, Delhi",12,14.76,0.22,11.65,71.2,open-meteo-archive,2015-01-01..2024-12-31
"Grace Road, Leicester",1,4.28,1.71,25.27,87.2,open-meteo-archive,2015-01-01..2024-12-31
"Grace Road, Leicester",2,5.28,1.97,27.03,83.1,open-meteo-archive,2015-01-01..2024-12-31
"Grace Road, Leicester",3,6.44,2.09,25.54,80.5,open-meteo-archive,2015-01-01..2024-12-31
"Grace Road, Leicester",4,8.27,1.49,21.88,75.8,open-meteo-archive,2015-01-01..2024-12-31
"Grace Road, Leicester",5,11.98,2.11,21.10,75.8,open-meteo-archive,2015-01-01..2024-12-31
"Grace Road, Leicester",6,15.15,2.25,20.64,74.9,open-meteo-archive,2015-01-01..2024-12-31
"Grace Road, Leicester",7,17.10,2.30,21.06,73.1,open-meteo-archive,2015-01-01..2024-12-31
"Grace Road, Leicester",8,16.78,2.08,21.63,75.2,open-meteo-archive,2015-01-01..2024-12-31
"Grace Road, Leicester",9,14.35,2.23,21.52,79.6,open-meteo-archive,2015-01-01..2024-12-31
"Grace Road, Leicester",10,11.12,2.26,23.83,84.4,open-meteo-archive,2015-01-01..2024-12-31
"Grace Road, Leicester",11,7.31,2.09,23.93,87.7,open-meteo-archive,2015-01-01..2024-12-31
"Grace Road, Leicester",12,6.02,2.24,25.18,89.4,open-meteo-archive,2015-01-01..2024-12-31
"St Lawrence Ground, Canterbury",1,4.86,2.13,23.89,86.4,open-meteo-archive,2015-01-01..2024-12-31
"St Lawrence Ground, Canterbury",2,6.03,2.04,25.42,82.0,open-meteo-archive,2015-01-01..2024-12-31
"St Lawrence Ground, Canterbury",3,7.22,2.07,23.87,80.1,open-meteo-archive,2015-01-01..2024-12-31
"St Lawrence Ground, Canterbury",4,8.98,1.58,20.27,76.1,open-meteo-archive,2015-01-01..2024-12-31
"St Lawrence Ground, Canterbury",5,12.55,1.91,19.58,77.1,open-meteo-archive,2015-01-01..2024-12-31
"St Lawrence Ground, Canterbury",6,15.91,1.85,19.37,75.9,open-meteo-archive,2015-01-01..2024-12-31
"St Lawrence Ground, Canterbury",7,18.01,1.79,20.15,73.1,open-meteo-archive,2015-01-01..2024-12-31
"St Lawrence Ground, Canterbury",8,17.91,2.31,19.74,76.3,open-meteo-archive,2015-01-01..2024-12-31
"St Lawrence Ground, Canterbury",9,15.55,1.99,20.02,78.9,open-meteo-archive,2015-01-01..2024-12-31
"St Lawrence Ground, Canterbury",10,12.42,2.43,22.18,83.6,open-meteo-archive,2015-01-01..2024-12-31
"St Lawrence Ground, Canterbury",11,8.38,2.49,23.09,86.5,open-meteo-archive,2015-01-01..2024-12-31
"St Lawrence Ground, Canterbury",12,6.87,2.43,24.19,88.3,open-meteo-archive,2015-01-01..2024-12-31
"The Cooper Associates County Ground, Taunton",1,5.39,2.17,24.29,86.6,open-meteo-archive,2015-01-01..2024-12-31
"The Cooper Associates County Ground, Taunton",2,6.09,2.23,26.65,83.5,open-meteo-archive,2015-01-01..2024-12-31
"The Cooper Associates County Ground, Taunton",3,7.03,2.60,25.06,82.0,open-meteo-archive,2015-01-01..2024-12-31
"The Cooper Associates County Ground, Taunton",4,8.91,1.56,20.69,77.2,open-meteo-archive,2015-01-01..2024-12-31
"The Cooper Associates County Ground, Taunton",5,12.22,2.35,20.27,77.5,open-meteo-archive,2015-01-01..2024-12-31
"The Cooper Associates County Ground, Taunton",6,15.35,2.15,19.77,76.4,open-meteo-archive,2015-01-01..2024-12-31
"The Cooper Associates County Ground, Taunton",7,17.06,1.86,20.39,75.6,open-meteo-archive,2015-01-01..2024-12-31
"The Cooper Associates County Ground, Taunton",8,16.74,2.36,20.68,78.8,open-meteo-archive,2015-01-01..2024-12-31
"The Cooper Associates County Ground, Taunton",9,14.71,2.33,20.85,81.2,open-meteo-archive,2015-01-01..2024-12-31
"The Cooper Associates County Ground, Taunton",10,11.83,2.92,22.61,84.7,open-meteo-archive,2015-01-01..2024-12-31
"The Cooper Associates County Ground, Taunton",11,8.53,2.62,23.78,86.6,open-meteo-archive,2015-01-01..2024-12-31
"The Cooper Associates County Ground, Taunton",12,7.33,2.71,25.38,88.1,open-meteo-archive,2015-01-01..2024-12-31
"County Ground, New Road, Worcester",1,4.75,1.79,22.39,86.4,open-meteo-archive,2015-01-01..2024-12-31
"County Ground, New Road, Worcester",2,5.74,2.05,24.49,82.1,open-meteo-archive,2015-01-01..2024-12-31
"County Ground, New Road, Worcester",3,6.88,2.21,23.34,79.7,open-meteo-archive,2015-01-01..2024-12-31
"County Ground, New Road, Worcester",4,8.85,1.50,19.91,74.6,open-meteo-archive,2015-01-01..2024-12-31
"County Ground, New Road, Worcester",5,12.50,2.12,19.42,74.5,open-meteo-archive,2015-01-01..2024-12-31
"County Ground, New Road, Worcester",6,15.69,2.28,19.26,73.4,open-meteo-archive,2015-01-01..2024-12-31
"County Ground, New Road, Worcester",7,17.50,2.05,19.55,72.1,open-meteo-archive,2015-01-01..2024-12-31
"County Ground, New Road, Worcester",8,17.10,2.06,19.94,74.6,open-meteo-archive,2015-01-01..2024-12-31
"County Ground, New Road, Worcester",9,14.77,2.34,20.00,78.5,open-meteo-archive,2015-01-01..2024-12-31
"County Ground, New Road, Worcester",10,11.53,2.64,21.33,83.4,open-meteo-archive,2015-01-01..2024-12-31
"County Ground, New Road, Worcester",11,7.81,2.40,21.84,86.7,open-meteo-archive,2015-01-01..2024-12-31
"County Ground, New Road, Worcester",12,6.54,2.49,22.73,88.3,open-meteo-archive,2015-01-01..2024-12-31
"Newlands, Cape Town",1,20.58,0.48,26.47,70.7,open-meteo-archive,2015-01-01..2024-12-31
"Newlands, Cape Town",2,20.39,0.34,25.19,70.8,open-meteo-archive,2015-01-01..2024-12-31
"Newlands, Cape Town",3,18.87,0.94,23.13,74.9,open-meteo-archive,2015-01-01..2024-12-31
"Newlands, Cape Town",4,17.00,1.07,21.05,74.6,open-meteo-archive,2015-01-01..2024-12-31
"Newlands, Cape Town",5,14.99,1.90,18.12,79.9,open-meteo-archive,2015-01-01..2024-12-31
"Newlands, Cape Town",6,13.42,4.14,21.27,78.9,open-meteo-archive,2015-01-01..2024-12-31
"Newlands, Cape Town",7,12.43,3.66,20.11,78.5,open-meteo-archive,2015-01-01..2024-12-31
"Newlands, Cape Town",8,12.59,2.64,20.51,78.6,open-meteo-archive,2015-01-01..2024-12-31
"Newlands, Cape Town",9,13.76,1.65,21.79,76.2,open-meteo-archive,2015-01-01..2024-12-31
"Newlands, Cape Town",10,16.21,1.14,23.42,72.3,open-meteo-archive,2015-01-01..2024-12-31
"Newlands, Cape Town",11,17.39,0.77,24.34,70.4,open-meteo-archive,2015-01-01..2024-12-31
"Newlands, Cape Town",12,19.03,0.90,24.66,71.1,open-meteo-archive,2015-01-01..2024-12-31
"Rajiv Gandhi International Stadium, Uppal, Hyderabad",1,22.00,0.20,12.04,59.0,open-meteo-archive,2015-01-01..2024-12-31
"Rajiv Gandhi International Stadium, Uppal, Hyderabad",2,24.48,0.08,13.50,48.6,open-meteo-archive,2015-01-01..2024-12-31
"Rajiv Gandhi International Stadium, Uppal, Hyderabad",3,27.85,0.34,13.73,44.0,open-meteo-archive,2015-01-01..2024-12-31
"Rajiv Gandhi International Stadium, Uppal, Hyderabad",4,30.27,0.61,14.63,44.5,open-meteo-archive,2015-01-01..2024-12-31
"Rajiv Gandhi International Stadium, Uppal, Hyderabad",5,31.34,0.87,16.57,47.0,open-meteo-archive,2015-01-01..2024-12-31
"Rajiv Gandhi International Stadium, Uppal, Hyderabad",6,28.04,4.61,20.66,67.6,open-meteo-archive,2015-01-01..2024-12-31
"Rajiv Gandhi International Stadium, Uppal, Hyderabad",7,25.90,6.88,23.32,77.0,open-meteo-archive,2015-01-01..2024-12-31
"Rajiv Gandhi International Stadium, Uppal, Hyderabad",8,25.59,5.20,21.53,78.0,open-meteo-archive,2015-01-01..2024-12-31
"Rajiv Gandhi International Stadium, Uppal, Hyderabad",9,25.27,6.16,16.91,81.0,open-meteo-archive,2015-01-01..2024-12-31
"Rajiv Gandhi International Stadium, Uppal, Hyderabad",10,25.06,2.67,13.10,72.4,open-meteo-archive,2015-01-01..2024-12-31
"Rajiv Gandhi International Stadium, Uppal, Hyderabad",11,23.78,0.52,12.75,63.9,open-meteo-archive,2015-01-01..2024-12-31
"Rajiv Gandhi International Stadium, Uppal, Hyderabad",12,22.24,0.36,12.17,63.4,open-meteo-archive,2015-01-01..2024-12-31
"Brisbane Cricket Ground, Woolloongabba, Brisbane",1,24.70,4.22,17.16,76.6,open-meteo-archive,2015-01-01..2024-12-31
"Brisbane Cricket Ground, Woolloongabba, Brisbane",2,24.36,6.25,17.74,76.6,open-meteo-archive,2015-01-01..2024-12-31
"Brisbane Cricket Ground, Woolloongabba, Brisbane",3,23.38,4.82,15.98,79.8,open-meteo-archive,2015-01-01..2024-12-31
"Brisbane Cricket Ground, Woolloongabba, Brisbane",4,20.54,1.97,15.45,76.4,open-meteo-archive,2015-01-01..2024-12-31
"Brisbane Cricket Ground, Woolloongabba, Brisbane",5,17.74,2.20,14.51,75.0,open-meteo-archive,2015-01-01..2024-12-31
"Brisbane Cricket Ground, Woolloongabba, Brisbane",6,15.39,1.43,15.02,74.1,open-meteo-archive,2015-01-01..2024-12-31
"Brisbane Cricket Ground, Woolloongabba, Brisbane",7,14.84,1.24,15.34,72.5,open-meteo-archive,2015-01-01..2024-12-31
"Brisbane Cricket Ground, Woolloongabba, Brisbane",8,16.22,1.01,15.56,69.0,open-meteo-archive,2015-01-01..2024-12-31
"Brisbane Cricket Ground, Woolloongabba, Brisbane",9,18.37,1.61,17.56,69.6,open-meteo-archive,2015-01-01..2024-12-31
"Brisbane Cricket Ground, Woolloongabba, Brisbane",10,20.47,3.64,17.55,73.9,open-meteo-archive,2015-01-01..2024-12-31
"Brisbane Cricket Ground, Woolloongabba, Brisbane",11,22.44,3.35,17.99,71.6,open-meteo-archive,2015-01-01..2024-12-31
"Brisbane Cricket Ground, Woolloongabba, Brisbane",12,23.99,3.76,17.61,74.4,open-meteo-archive,2015-01-01..2024-12-31
"Docklands Stadium, Melbourne",1,20.52,2.32,23.36,65.9,open-meteo-archive,2015-01-01..2024-12-31
"Docklands Stadium, Melbourne",2,19.77,1.11,22.84,65.6,open-meteo-archive,2015-01-01..2024-12-31
"Docklands Stadium, Melbourne",3,18.46,1.22,21.83,67.2,open-meteo-archive,2015-01-01..2024-12-31
"Docklands Stadium, Melbourne",4,15.17,2.18,19.94,72.4,open-meteo-archive,2015-01-01..2024-12-31
"Docklands Stadium, Melbourne",5,12.11,2.00,20.93,76.9,open-meteo-archive,2015-01-01..2024-12-31
"Docklands Stadium, Melbourne",6,9.84,1.99,19.76,81.3,open-meteo-archive,2015-01-01..2024-12-31
"Docklands Stadium, Melbourne",7,9.48,1.82,23.19,79.0,open-meteo-archive,2015-01-01..2024-12-31
"Docklands Stadium, Melbourne",8,10.37,1.90,22.97,76.0,open-meteo-archive,2015-01-01..2024-12-31
"Docklands Stadium, Melbourne",9,12.06,2.25,24.05,72.5,open-meteo-archive,2015-01-01..2024-12-31
"Docklands Stadium, Melbourne",10,14.47,2.58,24.16,69.5,open-meteo-archive,2015-01-01..2024-12-31
"Docklands Stadium, Melbourne",11,16.60,2.72,23.30,68.0,open-meteo-archive,2015-01-01..2024-12-31
"Docklands Stadium, Melbourne",12,18.74,2.13,23.36,64.8,open-meteo-archive,2015-01-01..2024-12-31
"Hagley Oval, Christchurch",1,17.50,1.78,24.51,70.6,open-meteo-archive,2015-01-01..2024-12-31
"Hagley Oval, Christchurch",2,17.18,1.99,23.92,70.0,open-meteo-archive,2015-01-01..2024-12-31
"Hagley Oval, Christchurch",3,15.28,1.65,22.95,73.9,open-meteo-archive,2015-01-01..2024-12-31
"Hagley Oval, Christchurch",4,12.54,1.87,21.21,76.8,open-meteo-archive,2015-01-01..2024-12-31
"Hagley Oval, Christchurch",5,10.07,1.81,20.06,80.2,open-meteo-archive,2015-01-01..2024-12-31
"Hagley Oval, Christchurch",6,7.68,1.89,19.58,84.3,open-meteo-archive,2015-01-01..2024-12-31
"Hagley Oval, Christchurch",7,6.76,2.54,20.56,82.8,open-meteo-archive,2015-01-01..2024-12-31
"Hagley Oval, Christchurch",8,7.68,1.54,20.17,80.0,open-meteo-archive,2015-01-01..2024-12-31
"Hagley Oval, Christchurch",9,9.54,1.68,23.21,75.7,open-meteo-archive,2015-01-01..2024-12-31
"Hagley Oval, Christchurch",10,11.74,1.86,23.97,73.4,open-meteo-archive,2015-01-01..2024-12-31
"Hagley Oval, Christchurch",11,13.96,2.22,23.79,71.7,open-meteo-archive,2015-01-01..2024-12-31
"Hagley Oval, Christchurch",12,16.08,2.37,24.01,70.0,open-meteo-archive,2015-01-01..2024-12-31
"Lord's, London",1,4.69,1.98,23.27,86.4,open-meteo-archive,2015-01-01..2024-12-31
"Lord's, London",2,5.84,1.91,25.20,82.2,open-meteo-archive,2015-01-01..2024-12-31
"Lord's, London",3,7.22,1.96,24.08,79.0,open-meteo-archive,2015-01-01..2024-12-31
"Lord's, London",4,9.22,1.40,20.64,73.3,open-meteo-archive,2015-01-01..2024-12-31
"Lord's, London",5,12.88,1.87,20.47,73.4,open-meteo-archive,2015-01-01..2024-12-31
"Lord's, London",6,16.30,1.99,19.92,72.1,open-meteo-archive,2015-01-01..2024-12-31
"Lord's, London",7,18.23,2.00,20.21,70.4,open-meteo-archive,2015-01-01..2024-12-31
"Lord's, London",8,17.87,1.95,20.18,73.8,open-meteo-archive,2015-01-01..2024-12-31
"Lord's, London",9,15.41,2.06,20.06,77.3,open-meteo-archive,2015-01-01..2024-12-31
"Lord's, London",10,12.01,2.53,21.82,83.3,open-meteo-archive,2015-01-01..2024-12-31
"Lord's, London",11,8.06,2.23,21.97,86.3,open-meteo-archive,2015-01-01..2024-12-31
"Lord's, London",12,6.70,2.23,22.88,88.3,open-meteo-archive,2015-01-01..2024-12-31
"St George's Park, Port Elizabeth",1,21.56,0.96,29.47,77.2,open-meteo-archive,2015-01-01..2024-12-31
"St George's Park, Port Elizabeth",2,21.41,1.21,28.53,77.7,open-meteo-archive,2015-01-01..2024-12-31
"St George's Park, Port Elizabeth",3,20.67,1.38,27.64,78.4,open-meteo-archive,2015-01-01..2024-12-31
"St George's Park, Port Elizabeth",4,18.56,1.26,26.13,77.5,open-meteo-archive,2015-01-01..2024-12-31
"St George's Park, Port Elizabeth",5,17.43,1.18,24.55,74.2,open-meteo-archive,2015-01-01..2024-12-31
"St George's Park, Port Elizabeth",6,15.95,1.24,26.16,67.8,open-meteo-archive,2015-01-01..2024-12-31
"St George's Park, Port Elizabeth",7,15.06,1.09,26.63,67.1,open-meteo-archive,2015-01-01..2024-12-31
"St George's Park, Port Elizabeth",8,15.22,1.33,28.06,70.2,open-meteo-archive,2015-01-01..2024-12-31
"St George's Park, Port Elizabeth",9,16.14,1.54,29.50,73.7,open-meteo-archive,2015-01-01..2024-12-31
"St George's Park, Port Elizabeth",10,17.46,1.55,30.25,75.5,open-meteo-archive,2015-01-01..2024-12-31
"St George's Park, Port Elizabeth",11,18.49,1.40,29.46,74.8,open-meteo-archive,2015-01-01..2024-12-31
"St George's Park, Port Elizabeth",12,20.34,1.19,29.39,75.5,open-meteo-archive,2015-01-01..2024-12-31
"New Wanderers Stadium, Johannesburg",1,20.20,3.81,17.35,65.8,open-meteo-archive,2015-01-01..2024-12-31
"New Wanderers Stadium, Johannesburg",2,19.93,3.58,16.98,67.6,open-meteo-archive,2015-01-01..2024-12-31
"New Wanderers Stadium, Johannesburg",3,18.83,1.89,16.12,64.4,open-meteo-archive,2015-01-01..2024-12-31
"New Wanderers Stadium, Johannesburg",4,16.03,1.71,16.32,63.9,open-meteo-archive,2015-01-01..2024-12-31
"New Wanderers Stadium, Johannesburg",5,13.58,0.53,15.52,53.8,open-meteo-archive,2015-01-01..2024-12-31
"New Wanderers Stadium, Johannesburg",6,10.55,0.23,16.87,50.8,open-meteo-archive,2015-01-01..2024-12-31
"New Wanderers Stadium, Johannesburg",7,10.49,0.12,17.52,45.4,open-meteo-archive,2015-01-01..2024-12-31
"New Wanderers Stadium, Johannesburg",8,13.73,0.08,19.52,40.1,open-meteo-archive,2015-01-01..2024-12-31
"New Wanderers Stadium, Johannesburg",9,17.43,0.40,20.64,39.6,open-meteo-archive,2015-01-01..2024-12-31
"New Wanderers Stadium, Johannesburg",10,19.02,1.26,20.75,46.5,open-meteo-archive,2015-01-01..2024-12-31
"New Wanderers Stadium, Johannesburg",11,19.75,2.55,20.67,55.4,open-meteo-archive,2015-01-01..2024-12-31
"New Wanderers Stadium, Johannesburg",12,20.37,3.39,18.56,64.3,open-meteo-archive,2015-01-01..2024-12-31
"Terdthai Cricket Ground, Bangkok",1,26.41,0.82,13.51,67.3,open-meteo-archive,2015-01-01..2024-12-31
"Terdthai Cricket Ground, Bangkok",2,27.23,1.29,14.58,69.4,open-meteo-archive,2015-01-01..2024-12-31
"Terdthai Cricket Ground, Bangkok",3,28.87,1.93,15.43,74.0,open-meteo-archive,2015-01-01..2024-12-31
"Terdthai Cricket Ground, Bangkok",4,29.78,2.94,15.27,73.0,open-meteo-archive,2015-01-01..2024-12-31
"Terdthai Cricket Ground, Bangkok",5,29.56,5.43,14.83,76.5,open-meteo-archive,2015-01-01..2024-12-31
"Terdthai Cricket Ground, Bangkok",6,28.86,4.75,15.88,77.6,open-meteo-archive,2015-01-01..2024-12-31
"Terdthai Cricket Ground, Bangkok",7,28.18,7.28,15.93,80.0,open-meteo-archive,2015-01-01..2024-12-31
"Terdthai Cricket Ground, Bangkok",8,28.02,6.83,15.64,81.0,open-meteo-archive,2015-01-01..2024-12-31
"Terdthai Cricket Ground, Bangkok",9,27.43,11.57,13.18,84.2,open-meteo-archive,2015-01-01..2024-12-31
"Terdthai Cricket Ground, Bangkok",10,27.05,8.19,12.00,83.2,open-meteo-archive,2015-01-01..2024-12-31
"Terdthai Cricket Ground, Bangkok",11,27.07,2.30,13.45,74.7,open-meteo-archive,2015-01-01..2024-12-31
"Terdthai Cricket Ground, Bangkok",12,26.18,0.50,13.89,65.9,open-meteo-archive,2015-01-01..2024-12-31
"Narendra Modi Stadium, Ahmedabad",1,19.74,0.04,13.60,54.1,open-meteo-archive,2015-01-01..2024-12-31
"Narendra Modi Stadium, Ahmedabad",2,23.20,0.00,13.67,42.5,open-meteo-archive,2015-01-01..2024-12-31
"Narendra Modi Stadium, Ahmedabad",3,27.54,0.20,14.34,34.2,open-meteo-archive,2015-01-01..2024-12-31
"Narendra Modi Stadium, Ahmedabad",4,31.87,0.09,15.77,32.8,open-meteo-archive,2015-01-01..2024-12-31
"Narendra Modi Stadium, Ahmedabad",5,33.94,0.33,18.46,41.5,open-meteo-archive,2015-01-01..2024-12-31
"Narendra Modi Stadium, Ahmedabad",6,32.36,2.88,19.89,59.7,open-meteo-archive,2015-01-01..2024-12-31
"Narendra Modi Stadium, Ahmedabad",7,28.79,13.95,18.54,78.5,open-meteo-archive,2015-01-01..2024-12-31
"Narendra Modi Stadium, Ahmedabad",8,27.66,9.45,16.89,81.7,open-meteo-archive,2015-01-01..2024-12-31
"Narendra Modi Stadium, Ahmedabad",9,27.89,5.63,13.92,79.1,open-meteo-archive,2015-01-01..2024-12-31
"Narendra Modi Stadium, Ahmedabad",10,27.86,1.01,11.50,59.3,open-meteo-archive,2015-01-01..2024-12-31
"Narendra Modi Stadium, Ahmedabad",11,24.90,0.23,12.44,49.6,open-meteo-archive,2015-01-01..2024-12-31
"Narendra Modi Stadium, Ahmedabad",12,21.23,0.11,13.93,52.5,open-meteo-archive,2015-01-01..2024-12-31
"Basin Reserve, Wellington",1,17.61,1.29,33.30,78.4,open-meteo-archive,2015-01-01..2024-12-31
"Basin Reserve, Wellington",2,17.48,2.85,33.81,77.8,open-meteo-archive,2015-01-01..2024-12-31
"Basin Reserve, Wellington",3,16.29,2.48,32.16,78.4,open-meteo-archive,2015-01-01..2024-12-31
"Basin Reserve, Wellington",4,14.73,3.06,32.69,78.6,open-meteo-archive,2015-01-01..2024-12-31
"Basin Reserve, Wellington",5,13.26,3.21,32.90,78.5,open-meteo-archive,2015-01-01..2024-12-31
"Basin Reserve, Wellington",6,11.52,3.38,31.53,79.4,open-meteo-archive,2015-01-01..2024-12-31
"Basin Reserve, Wellington",7,10.61,3.41,33.30,78.0,open-meteo-archive,2015-01-01..2024-12-31
"Basin Reserve, Wellington",8,10.67,3.37,33.35,79.0,open-meteo-archive,2015-01-01..2024-12-31
"Basin Reserve, Wellington",9,11.35,2.97,36.21,78.2,open-meteo-archive,2015-01-01..2024-12-31
"Basin Reserve, Wellington",10,12.67,2.40,35.13,78.9,open-meteo-archive,2015-01-01..2024-12-31
"Basin Reserve, Wellington",11,14.26,2.89,35.66,79.3,open-meteo-archive,2015-01-01..2024-12-31
"Basin Reserve, Wellington",12,16.02,2.55,34.49,79.9,open-meteo-archive,2015-01-01..2024-12-31
"Dr. Y.S. Rajasekhara Reddy ACA-VDCA Cricket Stadium, Visakhapatnam",1,22.86,0.28,16.33,76.2,open-meteo-archive,2015-01-01..2024-12-31
"Dr. Y.S. Rajasekhara Reddy ACA-VDCA Cricket Stadium, Visakhapatnam",2,24.62,0.20,18.41,73.7,open-meteo-archive,2015-01-01..2024-12-31
"Dr. Y.S. Rajasekhara Reddy ACA-VDCA Cricket Stadium, Visakhapatnam",3,27.33,0.41,20.98,72.9,open-meteo-archive,2015-01-01..2024-12-31
"Dr. Y.S. Rajasekhara Reddy ACA-VDCA Cricket Stadium, Visakhapatnam",4,29.41,0.27,24.02,74.0,open-meteo-archive,2015-01-01..2024-12-31
"Dr. Y.S. Rajasekhara Reddy ACA-VDCA Cricket Stadium, Visakhapatnam",5,30.34,1.76,23.48,75.6,open-meteo-archive,2015-01-01..2024-12-31
"Dr. Y.S. Rajasekhara Reddy ACA-VDCA Cricket Stadium, Visakhapatnam",6,29.68,4.72,22.28,77.7,open-meteo-archive,2015-01-01..2024-12-31
"Dr. Y.S. Rajasekhara Reddy ACA-VDCA Cricket Stadium, Visakhapatnam",7,28.37,7.56,21.89,80.4,open-meteo-archive,2015-01-01..2024-12-31
"Dr. Y.S. Rajasekhara Reddy ACA-VDCA Cricket Stadium, Visakhapatnam",8,28.26,7.27,20.30,81.0,open-meteo-archive,2015-01-01..2024-12-31
"Dr. Y.S. Rajasekhara Reddy ACA-VDCA Cricket Stadium, Visakhapatnam",9,27.73,8.46,17.72,84.6,open-meteo-archive,2015-01-01..2024-12-31
"Dr. Y.S. Rajasekhara Reddy ACA-VDCA Cricket Stadium, Visakhapatnam",10,27.26,4.18,14.64,80.3,open-meteo-archive,2015-01-01..2024-12-31
"Dr. Y.S. Rajasekhara Reddy ACA-VDCA Cricket Stadium, Visakhapatnam",11,25.46,3.54,17.71,74.8,open-meteo-archive,2015-01-01..2024-12-31
"Dr. Y.S. Rajasekhara Reddy ACA-VDCA Cricket Stadium, Visakhapatnam",12,23.46,2.55,16.66,75.9,open-meteo-archive,2015-01-01..2024-12-31
"Senwes Park, Potchefstroom",1,22.47,2.47,17.48,60.1,open-meteo-archive,2015-01-01..2024-12-31
"Senwes Park, Potchefstroom",2,21.86,2.74,16.68,63.2,open-meteo-archive,2015-01-01..2024-12-31
"Senwes Park, Potchefstroom",3,20.57,1.61,15.95,60.7,open-meteo-archive,2015-01-01..2024-12-31
"Senwes Park, Potchefstroom",4,17.10,1.63,15.33,63.5,open-meteo-archive,2015-01-01..2024-12-31
"Senwes Park, Potchefstroom",5,14.03,0.60,13.94,55.5,open-meteo-archive,2015-01-01..2024-12-31
"Senwes Park, Potchefstroom",6,10.59,0.27,14.87,53.9,open-meteo-archive,2015-01-01..2024-12-31
"Senwes Park, Potchefstroom",7,10.48,0.17,15.64,46.8,open-meteo-archive,2015-01-01..2024-12-31
"Senwes Park, Potchefstroom",8,14.40,0.09,18.37,37.3,open-meteo-archive,2015-01-01..2024-12-31
"Senwes Park, Potchefstroom",9,18.81,0.39,20.30,34.4,open-meteo-archive,2015-01-01..2024-12-31
"Senwes Park, Potchefstroom",10,21.04,1.17,20.62,39.0,open-meteo-archive,2015-01-01..2024-12-31
"Senwes Park, Potchefstroom",11,21.96,2.02,21.29,47.8,open-meteo-archive,2015-01-01..2024-12-31
"Senwes Park, Potchefstroom",12,22.69,3.27,20.17,56.7,open-meteo-archive,2015-01-01..2024-12-31
"Central Broward Regional Park Stadium Turf Ground, Lauderhill",1,19.54,2.32,18.72,74.8,open-meteo-archive,2015-01-01..2024-12-31
"Central Broward Regional Park Stadium Turf Ground, Lauderhill",2,21.04,2.38,19.29,75.2,open-meteo-archive,2015-01-01..2024-12-31
"Central Broward Regional Park Stadium Turf Ground, Lauderhill",3,22.50,2.11,19.92,70.3,open-meteo-archive,2015-01-01..2024-12-31
"Central Broward Regional Park Stadium Turf Ground, Lauderhill",4,24.07,3.42,19.73,71.6,open-meteo-archive,2015-01-01..2024-12-31
"Central Broward Regional Park Stadium Turf Ground, Lauderhill",5,25.41,5.33,18.44,75.0,open-meteo-archive,2015-01-01..2024-12-31
"Central Broward Regional Park Stadium Turf Ground, Lauderhill",6,26.51,8.97,14.63,82.6,open-meteo-archive,2015-01-01..2024-12-31
"Central Broward Regional Park Stadium Turf Ground, Lauderhill",7,27.39,6.60,13.90,82.0,open-meteo-archive,2015-01-01..2024-12-31
"Central Broward Regional Park Stadium Turf Ground, Lauderhill",8,27.39,8.60,14.85,82.9,open-meteo-archive,2015-01-01..2024-12-31
"Central Broward Regional Park Stadium Turf Ground, Lauderhill",9,26.66,9.01,15.11,83.9,open-meteo-archive,2015-01-01..2024-12-31
"Central Broward Regional Park Stadium Turf Ground, Lauderhill",10,25.26,5.36,17.88,80.2,open-meteo-archive,2015-01-01..2024-12-31
"Central Broward Regional Park Stadium Turf Ground, Lauderhill",11,23.06,3.04,17.58,78.4,open-meteo-archive,2015-01-01..2024-12-31
"Central Broward Regional Park Stadium Turf Ground, Lauderhill",12,21.10,2.76,17.50,78.5,open-meteo-archive,2015-01-01..2024-12-31
"Seddon Park, Hamilton",1,19.51,2.72,22.45,75.1,open-meteo-archive,2015-01-01..2024-12-31
"Seddon Park, Hamilton",2,19.59,3.03,21.25,74.4,open-meteo-archive,2015-01-01..2024-12-31
"Seddon Park, Hamilton",3,17.68,2.72,20.54,76.8,open-meteo-archive,2015-01-01..2024-12-31
"Seddon Park, Hamilton",4,15.09,3.35,20.29,81.1,open-meteo-archive,2015-01-01..2024-12-31
"Seddon Park, Hamilton",5,12.56,3.47,20.98,83.7,open-meteo-archive,2015-01-01..2024-12-31
"Seddon Park, Hamilton",6,10.71,3.42,20.97,85.1,open-meteo-archive,2015-01-01..2024-12-31
"Seddon Park, Hamilton",7,9.82,3.98,23.01,84.8,open-meteo-archive,2015-01-01..2024-12-31
"Seddon Park, Hamilton",8,10.15,3.98,21.90,83.8,open-meteo-archive,2015-01-01..2024-12-31
"Seddon Park, Hamilton",9,11.71,3.99,25.36,81.2,open-meteo-archive,2015-01-01..2024-12-31
"Seddon Park, Hamilton",10,13.51,3.40,24.61,80.2,open-meteo-archive,2015-01-01..2024-12-31
"Seddon Park, Hamilton",11,15.63,4.13,23.73,78.4,open-meteo-archive,2015-01-01..2024-12-31
"Seddon Park, Hamilton",12,17.91,3.46,23.15,76.8,open-meteo-archive,2015-01-01..2024-12-31
"The Wanderers Stadium, Johannesburg",1,20.20,3.81,17.35,65.8,open-meteo-archive,2015-01-01..2024-12-31
"The Wanderers Stadium, Johannesburg",2,19.93,3.58,16.98,67.6,open-meteo-archive,2015-01-01..2024-12-31
"The Wanderers Stadium, Johannesburg",3,18.83,1.89,16.12,64.4,open-meteo-archive,2015-01-01..2024-12-31
"The Wanderers Stadium, Johannesburg",4,16.03,1.71,16.32,63.9,open-meteo-archive,2015-01-01..2024-12-31
"The Wanderers Stadium, Johannesburg",5,13.58,0.53,15.52,53.8,open-meteo-archive,2015-01-01..2024-12-31
"The Wanderers Stadium, Johannesburg",6,10.55,0.23,16.87,50.8,open-meteo-archive,2015-01-01..2024-12-31
"The Wanderers Stadium, Johannesburg",7,10.49,0.12,17.52,45.4,open-meteo-archive,2015-01-01..2024-12-31
"The Wanderers Stadium, Johannesburg",8,13.73,0.08,19.52,40.1,open-meteo-archive,2015-01-01..2024-12-31
"The Wanderers Stadium, Johannesburg",9,17.43,0.40,20.64,39.6,open-meteo-archive,2015-01-01..2024-12-31
"The Wanderers Stadium, Johannesburg",10,19.02,1.26,20.75,46.5,open-meteo-archive,2015-01-01..2024-12-31
"The Wanderers Stadium, Johannesburg",11,19.75,2.55,20.67,55.4,open-meteo-archive,2015-01-01..2024-12-31
"The Wanderers Stadium, Johannesburg",12,20.37,3.39,18.56,64.3,open-meteo-archive,2015-01-01..2024-12-31
"ICC Academy, Dubai",1,19.39,0.78,21.35,65.9,open-meteo-archive,2015-01-01..2024-12-31
"ICC Academy, Dubai",2,20.46,0.44,23.19,64.1,open-meteo-archive,2015-01-01..2024-12-31
"ICC Academy, Dubai",3,23.19,0.54,24.80,60.7,open-meteo-archive,2015-01-01..2024-12-31
"ICC Academy, Dubai",4,26.89,0.54,24.85,52.8,open-meteo-archive,2015-01-01..2024-12-31
"ICC Academy, Dubai",5,30.85,0.06,25.28,51.2,open-meteo-archive,2015-01-01..2024-12-31
"ICC Academy, Dubai",6,33.74,0.00,24.82,53.9,open-meteo-archive,2015-01-01..2024-12-31
"ICC Academy, Dubai",7,35.56,0.07,24.72,52.7,open-meteo-archive,2015-01-01..2024-12-31
"ICC Academy, Dubai",8,35.34,0.01,24.27,52.4,open-meteo-archive,2015-01-01..2024-12-31
"ICC Academy, Dubai",9,33.03,0.01,23.31,58.5,open-meteo-archive,2015-01-01..2024-12-31
"ICC Academy, Dubai",10,29.84,0.08,21.88,60.6,open-meteo-archive,2015-01-01..2024-12-31
"ICC Academy, Dubai",11,25.73,0.16,20.89,59.3,open-meteo-archive,2015-01-01..2024-12-31
"ICC Academy, Dubai",12,21.61,0.33,19.43,63.9,open-meteo-archive,2015-01-01..2024-12-31
"Eden Park Outer Oval, Auckland",1,20.10,2.87,24.32,75.8,open-meteo-archive,2015-01-01..2024-12-31
"Eden Park Outer Oval, Auckland",2,20.29,3.82,23.40,76.5,open-meteo-archive,2015-01-01..2024-12-31
"Eden Park Outer Oval, Auckland",3,18.95,2.89,23.06,77.2,open-meteo-archive,2015-01-01..2024-12-31
"Eden Park Outer Oval, Auckland",4,16.97,3.15,24.68,79.4,open-meteo-archive,2015-01-01..2024-12-31
"Eden Park Outer Oval, Auckland",5,14.76,3.09,25.47,81.0,open-meteo-archive,2015-01-01..2024-12-31
"Eden Park Outer Oval, Auckland",6,13.00,3.13,25.72,82.2,open-meteo-archive,2015-01-01..2024-12-31
"Eden Park Outer Oval, Auckland",7,11.93,3.79,27.52,82.3,open-meteo-archive,2015-01-01..2024-12-31
"Eden Park Outer Oval, Auckland",8,11.89,3.81,25.82,82.1,open-meteo-archive,2015-01-01..2024-12-31
"Eden Park Outer Oval, Auckland",9,12.97,3.56,27.65,80.1,open-meteo-archive,2015-01-01..2024-12-31
"Eden Park Outer Oval, Auckland",10,14.45,3.15,27.49,79.7,open-meteo-archive,2015-01-01..2024-12-31
"Eden Park Outer Oval, Auckland",11,16.37,3.60,25.45,78.6,open-meteo-archive,2015-01-01..2024-12-31
"Eden Park Outer Oval, Auckland",12,18.59,2.76,24.72,76.5,open-meteo-archive,2015-01-01..2024-12-31
"Maharashtra Cricket Association Stadium, Pune",1,20.57,0.10,11.98,59.6,open-meteo-archive,2015-01-01..2024-12-31
"Maharashtra Cricket Association Stadium, Pune",2,23.09,0.17,13.91,47.4,open-meteo-archive,2015-01-01..2024-12-31
"Maharashtra Cricket Association Stadium, Pune",3,25.87,0.16,15.84,44.6,open-meteo-archive,2015-01-01..2024-12-31
"Maharashtra Cricket Association Stadium, Pune",4,28.39,0.11,19.05,47.1,open-meteo-archive,2015-01-01..2024-12-31
"Maharashtra Cricket Association Stadium, Pune",5,28.33,0.77,19.49,61.5,open-meteo-archive,2015-01-01..2024-12-31
"Maharashtra Cricket Association Stadium, Pune",6,25.51,7.45,19.65,80.7,open-meteo-archive,2015-01-01..2024-12-31
"Maharashtra Cricket Association Stadium, Pune",7,23.65,10.18,22.16,88.4,open-meteo-archive,2015-01-01..2024-12-31
"Maharashtra Cricket Association Stadium, Pune",8,23.43,7.22,21.84,87.5,open-meteo-archive,2015-01-01..2024-12-31
"Maharashtra Cricket Association Stadium, Pune",9,23.57,7.83,16.48,87.3,open-meteo-archive,2015-01-01..2024-12-31
"Maharashtra Cricket Association Stadium, Pune",10,23.95,3.75,12.24,76.8,open-meteo-archive,2015-01-01..2024-12-31
"Maharashtra Cricket Association Stadium, Pune",11,22.69,0.60,12.27,64.2,open-meteo-archive,2015-01-01..2024-12-31
"Maharashtra Cricket Association Stadium, Pune",12,21.27,0.31,12.04,63.4,open-meteo-archive,2015-01-01..2024-12-31
"Mahinda Rajapaksa International Cricket Stadium, Sooriyawewa, Hambantota",1,25.75,2.87,18.42,75.0,open-meteo-archive,2015-01-01..2024-12-31
"Mahinda Rajapaksa International Cricket Stadium, Sooriyawewa, Hambantota",2,26.60,2.44,19.84,71.6,open-meteo-archive,2015-01-01..2024-12-31
"Mahinda Rajapaksa International Cricket Stadium, Sooriyawewa, Hambantota",3,27.14,3.17,16.53,75.0,open-meteo-archive,2015-01-01..2024-12-31
"Mahinda Rajapaksa International Cricket Stadium, Sooriyawewa, Hambantota",4,27.27,5.50,13.77,80.8,open-meteo-archive,2015-01-01..2024-12-31
"Mahinda Rajapaksa International Cricket Stadium, Sooriyawewa, Hambantota",5,27.43,5.60,20.41,80.7,open-meteo-archive,2015-01-01..2024-12-31
"Mahinda Rajapaksa International Cricket Stadium, Sooriyawewa, Hambantota",6,27.98,1.46,25.34,73.6,open-meteo-archive,2015-01-01..2024-12-31
"Mahinda Rajapaksa International Cricket Stadium, Sooriyawewa, Hambantota",7,28.22,1.65,25.56,69.9,open-meteo-archive,2015-01-01..2024-12-31
"Mahinda Rajapaksa International Cricket Stadium, Sooriyawewa, Hambantota",8,27.98,1.88,25.40,70.6,open-meteo-archive,2015-01-01..2024-12-31
"Mahinda Rajapaksa International Cricket Stadium, Sooriyawewa, Hambantota",9,27.38,3.40,23.85,74.3,open-meteo-archive,2015-01-01..2024-12-31
"Mahinda Rajapaksa International Cricket Stadium, Sooriyawewa, Hambantota",10,26.59,7.74,17.90,79.7,open-meteo-archive,2015-01-01..2024-12-31
"Mahinda Rajapaksa International Cricket Stadium, Sooriyawewa, Hambantota",11,25.49,10.87,13.52,86.3,open-meteo-archive,2015-01-01..2024-12-31
"Mahinda Rajapaksa International Cricket Stadium, Sooriyawewa, Hambantota",12,25.44,5.54,16.17,83.1,open-meteo-archive,2015-01-01..2024-12-31
"Boland Park, Paarl",1,23.97,0.72,20.27,55.1,open-meteo-archive,2015-01-01..2024-12-31
"Boland Park, Paarl",2,23.59,0.51,19.30,55.0,open-meteo-archive,2015-01-01..2024-12-31
"Boland Park, Paarl",3,21.58,1.10,17.38,60.2,open-meteo-archive,2015-01-01..2024-12-31
"Boland Park, Paarl",4,18.76,1.59,15.16,61.1,open-meteo-archive,2015-01-01..2024-12-31
"Boland Park, Paarl",5,15.85,2.53,13.14,67.2,open-meteo-archive,2015-01-01..2024-12-31
"Boland Park, Paarl",6,13.26,6.07,14.67,72.4,open-meteo-archive,2015-01-01..2024-12-31
"Boland Park, Paarl",7,11.87,5.02,14.09,73.6,open-meteo-archive,2015-01-01..2024-12-31
"Boland Park, Paarl",8,12.27,3.70,14.27,73.7,open-meteo-archive,2015-01-01..2024-12-31
"Boland Park, Paarl",9,13.89,2.41,15.43,72.4,open-meteo-archive,2015-01-01..2024-12-31
"Boland Park, Paarl",10,17.53,1.23,16.73,64.6,open-meteo-archive,2015-01-01..2024-12-31
"Boland Park, Paarl",11,19.35,1.33,18.73,60.0,open-meteo-archive,2015-01-01..2024-12-31
"Boland Park, Paarl",12,21.73,1.05,19.48,57.3,open-meteo-archive,2015-01-01..2024-12-31
"Eden Park, Auckland",1,20.10,2.87,24.32,75.8,open-meteo-archive,2015-01-01..2024-12-31
"Eden Park, Auckland",2,20.29,3.82,23.40,76.5,open-meteo-archive,2015-01-01..2024-12-31
"Eden Park, Auckland",3,18.95,2.89,23.06,77.2,open-meteo-archive,2015-01-01..2024-12-31
"Eden Park, Auckland",4,16.97,3.15,24.68,79.4,open-meteo-archive,2015-01-01..2024-12-31
"Eden Park, Auckland",5,14.76,3.09,25.47,81.0,open-meteo-archive,2015-01-01..2024-12-31
"Eden Park, Auckland",6,13.00,3.13,25.72,82.2,open-meteo-archive,2015-01-01..2024-12-31
"Eden Park, Auckland",7,11.93,3.79,27.52,82.3,open-meteo-archive,2015-01-01..2024-12-31
"Eden Park, Auckland",8,11.89,3.81,25.82,82.1,open-meteo-archive,2015-01-01..2024-12-31
"Eden Park, Auckland",9,12.97,3.56,27.65,80.1,open-meteo-archive,2015-01-01..2024-12-31
"Eden Park, Auckland",10,14.45,3.15,27.49,79.7,open-meteo-archive,2015-01-01..2024-12-31
"Eden Park, Auckland",11,16.37,3.60,25.45,78.6,open-meteo-archive,2015-01-01..2024-12-31
"Eden Park, Auckland",12,18.59,2.76,24.72,76.5,open-meteo-archive,2015-01-01..2024-12-31
"Saurashtra Cricket Association Stadium, Rajkot",1,20.07,0.06,13.75,48.3,open-meteo-archive,2015-01-01..2024-12-31
"Saurashtra Cricket Association Stadium, Rajkot",2,23.22,0.00,14.76,44.9,open-meteo-archive,2015-01-01..2024-12-31
"Saurashtra Cricket Association Stadium, Rajkot",3,26.93,0.04,16.66,43.4,open-meteo-archive,2015-01-01..2024-12-31
"Saurashtra Cricket Association Stadium, Rajkot",4,30.28,0.04,19.52,48.2,open-meteo-archive,2015-01-01..2024-12-31
"Saurashtra Cricket Association Stadium, Rajkot",5,31.85,0.22,22.49,55.2,open-meteo-archive,2015-01-01..2024-12-31
"Saurashtra Cricket Association Stadium, Rajkot",6,31.20,2.72,21.46,64.6,open-meteo-archive,2015-01-01..2024-12-31
"Saurashtra Cricket Association Stadium, Rajkot",7,28.31,8.23,21.66,78.8,open-meteo-archive,2015-01-01..2024-12-31
"Saurashtra Cricket Association Stadium, Rajkot",8,27.36,9.29,20.47,80.7,open-meteo-archive,2015-01-01..2024-12-31
"Saurashtra Cricket Association Stadium, Rajkot",9,27.26,6.23,15.59,79.8,open-meteo-archive,2015-01-01..2024-12-31
"Saurashtra Cricket Association Stadium, Rajkot",10,27.88,0.78,12.63,61.5,open-meteo-archive,2015-01-01..2024-12-31
"Saurashtra Cricket Association Stadium, Rajkot",11,25.32,0.19,12.79,45.5,open-meteo-archive,2015-01-01..2024-12-31
"Saurashtra Cricket Association Stadium, Rajkot",12,21.36,0.02,13.70,47.8,open-meteo-archive,2015-01-01..2024-12-31
"Bay Oval, Mount Maunganui",1,19.81,4.13,23.30,76.8,open-meteo-archive,2015-01-01..2024-12-31
"Bay Oval, Mount Maunganui",2,19.74,5.11,21.57,77.6,open-meteo-archive,2015-01-01..2024-12-31
"Bay Oval, Mount Maunganui",3,18.03,4.21,21.18,78.3,open-meteo-archive,2015-01-01..2024-12-31
"Bay Oval, Mount Maunganui",4,15.77,4.50,21.41,80.8,open-meteo-archive,2015-01-01..2024-12-31
"Bay Oval, Mount Maunganui",5,13.39,4.23,22.23,82.2,open-meteo-archive,2015-01-01..2024-12-31
"Bay Oval, Mount Maunganui",6,11.62,5.56,22.94,83.0,open-meteo-archive,2015-01-01..2024-12-31
"Bay Oval, Mount Maunganui",7,10.46,4.80,24.20,83.2,open-meteo-archive,2015-01-01..2024-12-31
"Bay Oval, Mount Maunganui",8,10.71,4.03,22.18,82.5,open-meteo-archive,2015-01-01..2024-12-31
"Bay Oval, Mount Maunganui",9,12.17,4.70,25.80,80.6,open-meteo-archive,2015-01-01..2024-12-31
"Bay Oval, Mount Maunganui",10,14.00,3.61,25.21,79.7,open-meteo-archive,2015-01-01..2024-12-31
"Bay Oval, Mount Maunganui",11,16.09,4.40,24.09,79.1,open-meteo-archive,2015-01-01..2024-12-31
"Bay Oval, Mount Maunganui",12,18.29,4.16,23.44,78.2,open-meteo-archive,2015-01-01..2024-12-31
"Barabati Stadium, Cuttack",1,20.89,0.46,10.85,74.3,open-meteo-archive,2015-01-01..2024-12-31
"Barabati Stadium, Cuttack",2,24.15,0.52,13.17,69.0,open-meteo-archive,2015-01-01..2024-12-31
"Barabati Stadium, Cuttack",3,27.86,1.20,15.23,69.1,open-meteo-archive,2015-01-01..2024-12-31
"Barabati Stadium, Cuttack",4,30.30,1.06,17.16,69.2,open-meteo-archive,2015-01-01..2024-12-31
"Barabati Stadium, Cuttack",5,30.92,2.90,17.78,73.4,open-meteo-archive,2015-01-01..2024-12-31
"Barabati Stadium, Cuttack",6,29.97,7.34,15.42,79.8,open-meteo-archive,2015-01-01..2024-12-31
"Barabati Stadium, Cuttack",7,28.24,12.43,14.70,86.2,open-meteo-archive,2015-01-01..2024-12-31
"Barabati Stadium, Cuttack",8,28.00,13.24,14.02,86.5,open-meteo-archive,2015-01-01..2024-12-31
"Barabati Stadium, Cuttack",9,27.77,10.10,13.60,87.3,open-meteo-archive,2015-01-01..2024-12-31
"Barabati Stadium, Cuttack",10,27.02,5.48,11.47,82.5,open-meteo-archive,2015-01-01..2024-12-31
"Barabati Stadium, Cuttack",11,24.29,1.13,10.50,76.3,open-meteo-archive,2015-01-01..2024-12-31
"Barabati Stadium, Cuttack",12,21.39,1.41,10.38,75.0,open-meteo-archive,2015-01-01..2024-12-31
"Manuka Oval, Canberra",1,20.76,2.60,18.48,66.5,open-meteo-archive,2015-01-01..2024-12-31
"Manuka Oval, Canberra",2,19.50,1.67,18.25,67.6,open-meteo-archive,2015-01-01..2024-12-31
"Manuka Oval, Canberra",3,17.27,1.91,17.59,71.1,open-meteo-archive,2015-01-01..2024-12-31
"Manuka Oval, Canberra",4,13.27,1.70,15.87,76.0,open-meteo-archive,2015-01-01..2024-12-31
"Manuka Oval, Canberra",5,8.70,1.34,16.60,81.7,open-meteo-archive,2015-01-01..2024-12-31
"Manuka Oval, Canberra",6,6.05,1.87,15.71,85.7,open-meteo-archive,2015-01-01..2024-12-31
"Manuka Oval, Canberra",7,5.41,1.28,17.19,84.0,open-meteo-archive,2015-01-01..2024-12-31
"Manuka Oval, Canberra",8,6.59,1.83,18.36,81.2,open-meteo-archive,2015-01-01..2024-12-31
"Manuka Oval, Canberra",9,9.68,1.83,19.59,73.9,open-meteo-archive,2015-01-01..2024-12-31
"Manuka Oval, Canberra",10,13.33,2.05,19.61,70.2,open-meteo-archive,2015-01-01..2024-12-31
"Manuka Oval, Canberra",11,16.23,2.84,20.05,67.3,open-meteo-archive,2015-01-01..2024-12-31
"Manuka Oval, Canberra",12,19.06,2.21,19.83,63.3,open-meteo-archive,2015-01-01..2024-12-31
"Bharat Ratna Shri Atal Bihari Vajpayee Ekana Cricket Stadium, Lucknow",1,14.12,0.70,11.89,78.3,open-meteo-archive,2015-01-01..2024-12-31
"Bharat Ratna Shri Atal Bihari Vajpayee Ekana Cricket Stadium, Lucknow",2,18.29,0.57,14.10,66.9,open-meteo-archive,2015-01-01..2024-12-31
"Bharat Ratna Shri Atal Bihari Vajpayee Ekana Cricket Stadium, Lucknow",3,23.86,0.97,16.84,52.2,open-meteo-archive,2015-01-01..2024-12-31
"Bharat Ratna Shri Atal Bihari Vajpayee Ekana Cricket Stadium, Lucknow",4,29.95,0.38,19.62,35.5,open-meteo-archive,2015-01-01..2024-12-31
"Bharat Ratna Shri Atal Bihari Vajpayee Ekana Cricket Stadium, Lucknow",5,31.86,0.89,18.94,46.1,open-meteo-archive,2015-01-01..2024-12-31
"Bharat Ratna Shri Atal Bihari Vajpayee Ekana Cricket Stadium, Lucknow",6,32.58,3.93,18.07,57.4,open-meteo-archive,2015-01-01..2024-12-31
"Bharat Ratna Shri Atal Bihari Vajpayee Ekana Cricket Stadium, Lucknow",7,29.31,11.37,16.13,81.1,open-meteo-archive,2015-01-01..2024-12-31
"Bharat Ratna Shri Atal Bihari Vajpayee Ekana Cricket Stadium, Lucknow",8,28.61,8.81,15.58,83.4,open-meteo-archive,2015-01-01..2024-12-31
"Bharat Ratna Shri Atal Bihari Vajpayee Ekana Cricket Stadium, Lucknow",9,28.16,6.77,15.14,81.5,open-meteo-archive,2015-01-01..2024-12-31
"Bharat Ratna Shri Atal Bihari Vajpayee Ekana Cricket Stadium, Lucknow",10,26.19,1.20,11.34,68.3,open-meteo-archive,2015-01-01..2024-12-31
"Bharat Ratna Shri Atal Bihari Vajpayee Ekana Cricket Stadium, Lucknow",11,21.23,0.10,11.04,66.0,open-meteo-archive,2015-01-01..2024-12-31
"Bharat Ratna Shri Atal Bihari Vajpayee Ekana Cricket Stadium, Lucknow",12,15.97,0.23,10.97,71.6,open-meteo-archive,2015-01-01..2024-12-31
"Tribhuvan University International Cricket Ground, Kirtipur",1,10.02,0.91,7.91,70.9,open-meteo-archive,2015-01-01..2024-12-31
"Tribhuvan University International Cricket Ground, Kirtipur",2,12.18,1.22,8.87,70.5,open-meteo-archive,2015-01-01..2024-12-31
"Tribhuvan University International Cricket Ground, Kirtipur",3,15.57,2.08,8.99,66.0,open-meteo-archive,2015-01-01..2024-12-31
"Tribhuvan University International Cricket Ground, Kirtipur",4,18.94,2.90,9.39,62.5,open-meteo-archive,2015-01-01..2024-12-31
"Tribhuvan University International Cricket Ground, Kirtipur",5,19.93,6.93,7.94,77.2,open-meteo-archive,2015-01-01..2024-12-31
"Tribhuvan University International Cricket Ground, Kirtipur",6,21.82,15.81,6.97,85.4,open-meteo-archive,2015-01-01..2024-12-31
"Tribhuvan University International Cricket Ground, Kirtipur",7,22.03,27.85,5.99,89.6,open-meteo-archive,2015-01-01..2024-12-31
"Tribhuvan University International Cricket Ground, Kirtipur",8,21.95,22.03,5.78,89.4,open-meteo-archive,2015-01-01..2024-12-31
"Tribhuvan University International Cricket Ground, Kirtipur",9,21.06,14.68,6.15,88.3,open-meteo-archive,2015-01-01..2024-12-31
"Tribhuvan University International Cricket Ground, Kirtipur",10,18.25,2.71,6.80,81.2,open-meteo-archive,2015-01-01..2024-12-31
"Tribhuvan University International Cricket Ground, Kirtipur",11,14.61,0.32,7.42,76.2,open-meteo-archive,2015-01-01..2024-12-31
"Tribhuvan University International Cricket Ground, Kirtipur",12,11.34,0.35,7.44,71.7,open-meteo-archive,2015-01-01..2024-12-31
"JSCA International Stadium Complex, Ranchi",1,16.00,0.39,13.30,63.2,open-meteo-archive,2015-01-01..2024-12-31
"JSCA International Stadium Complex, Ranchi",2,19.48,0.58,15.09,52.3,open-meteo-archive,2015-01-01..2024-12-31
"JSCA International Stadium Complex, Ranchi",3,23.78,0.95,16.71,45.3,open-meteo-archive,2015-01-01..2024-12-31
"JSCA International Stadium Complex, Ranchi",4,28.35,0.73,18.39,39.2,open-meteo-archive,2015-01-01..2024-12-31
"JSCA International Stadium Complex, Ranchi",5,29.03,2.09,18.24,52.8,open-meteo-archive,2015-01-01..2024-12-31
"JSCA International Stadium Complex, Ranchi",6,28.08,6.27,17.18,70.0,open-meteo-archive,2015-01-01..2024-12-31
"JSCA International Stadium Complex, Ranchi",7,25.28,11.64,17.29,87.6,open-meteo-archive,2015-01-01..2024-12-31
"JSCA International Stadium Complex, Ranchi",8,24.85,12.04,16.20,88.6,open-meteo-archive,2015-01-01..2024-12-31
"JSCA International Stadium Complex, Ranchi",9,24.69,8.64,14.84,87.5,open-meteo-archive,2015-01-01..2024-12-31
"JSCA International Stadium Complex, Ranchi",10,23.07,2.75,12.21,77.1,open-meteo-archive,2015-01-01..2024-12-31
"JSCA International Stadium Complex, Ranchi",11,19.89,0.15,11.13,66.3,open-meteo-archive,2015-01-01..2024-12-31
"JSCA International Stadium Complex, Ranchi",12,16.59,0.62,12.13,66.4,open-meteo-archive,2015-01-01..2024-12-31
"University Oval, Dunedin",1,15.48,3.10,25.88,76.5,open-meteo-archive,2015-01-01..2024-12-31
"University Oval, Dunedin",2,15.14,2.97,24.46,76.9,open-meteo-archive,2015-01-01..2024-12-31
"University Oval, Dunedin",3,14.02,2.12,24.33,77.9,open-meteo-archive,2015-01-01..2024-12-31
"University Oval, Dunedin",4,11.67,2.46,23.30,77.0,open-meteo-archive,2015-01-01..2024-12-31
"University Oval, Dunedin",5,9.41,2.08,21.94,77.8,open-meteo-archive,2015-01-01..2024-12-31
"University Oval, Dunedin",6,7.20,2.15,21.16,79.3,open-meteo-archive,2015-01-01..2024-12-31
"University Oval, Dunedin",7,6.77,2.73,23.12,78.5,open-meteo-archive,2015-01-01..2024-12-31
"University Oval, Dunedin",8,7.50,1.53,21.82,77.5,open-meteo-archive,2015-01-01..2024-12-31
"University Oval, Dunedin",9,8.95,2.10,25.86,75.7,open-meteo-archive,2015-01-01..2024-12-31
"University Oval, Dunedin",10,10.60,3.37,26.47,76.7,open-meteo-archive,2015-01-01..2024-12-31
"University Oval, Dunedin",11,12.39,3.20,24.88,76.7,open-meteo-archive,2015-01-01..2024-12-31
"University Oval, Dunedin",12,14.14,3.18,26.42,76.9,open-meteo-archive,2015-01-01..2024-12-31
"Gymkhana Club Ground, Nairobi",1,19.76,1.62,16.30,64.3,open-meteo-archive,2015-01-01..2024-12-31
"Gymkhana Club Ground, Nairobi",2,20.59,1.63,17.70,60.3,open-meteo-archive,2015-01-01..2024-12-31
"Gymkhana Club Ground, Nairobi",3,20.72,2.40,17.29,62.8,open-meteo-archive,2015-01-01..2024-12-31
"Gymkhana Club Ground, Nairobi",4,19.43,6.22,13.69,77.1,open-meteo-archive,2015-01-01..2024-12-31
"Gymkhana Club Ground, Nairobi",5,18.63,3.39,11.53,77.1,open-meteo-archive,2015-01-01..2024-12-31
"Gymkhana Club Ground, Nairobi",6,17.71,1.35,11.06,73.0,open-meteo-archive,2015-01-01..2024-12-31
"Gymkhana Club Ground, Nairobi",7,17.17,0.65,11.80,70.3,open-meteo-archive,2015-01-01..2024-12-31
"Gymkhana Club Ground, Nairobi",8,17.51,0.84,12.54,68.3,open-meteo-archive,2015-01-01..2024-12-31
"Gymkhana Club Ground, Nairobi",9,18.60,1.11,12.91,65.7,open-meteo-archive,2015-01-01..2024-12-31
"Gymkhana Club Ground, Nairobi",10,19.71,2.94,14.64,65.2,open-meteo-archive,2015-01-01..2024-12-31
"Gymkhana Club Ground, Nairobi",11,18.73,4.81,15.18,77.5,open-meteo-archive,2015-01-01..2024-12-31
"Gymkhana Club Ground, Nairobi",12,18.97,2.67,16.25,74.2,open-meteo-archive,2015-01-01..2024-12-31
"Desert Springs Cricket Ground, Almeria",1,11.57,0.76,16.63,65.6,open-meteo-archive,2015-01-01..2024-12-31
"Desert Springs Cricket Ground, Almeria",2,12.76,0.42,19.21,63.4,open-meteo-archive,2015-01-01..2024-12-31
"Desert Springs Cricket Ground, Almeria",3,14.45,1.65,20.16,62.5,open-meteo-archive,2015-01-01..2024-12-31
"Desert Springs Cricket Ground, Almeria",4,16.26,1.13,19.85,64.8,open-meteo-archive,2015-01-01..2024-12-31
"Desert Springs Cricket Ground, Almeria",5,19.63,0.83,18.90,62.5,open-meteo-archive,2015-01-01..2024-12-31
"Desert Springs Cricket Ground, Almeria",6,23.39,0.26,18.69,60.5,open-meteo-archive,2015-01-01..2024-12-31
"Desert Springs Cricket Ground, Almeria",7,26.11,0.06,17.31,64.3,open-meteo-archive,2015-01-01..2024-12-31
"Desert Springs Cricket Ground, Almeria",8,26.48,0.37,17.64,65.7,open-meteo-archive,2015-01-01..2024-12-31
"Desert Springs Cricket Ground, Almeria",9,23.64,1.65,17.28,69.0,open-meteo-archive,2015-01-01..2024-12-31
"Desert Springs Cricket Ground, Almeria",10,19.98,1.18,16.54,70.1,open-meteo-archive,2015-01-01..2024-12-31
"Desert Springs Cricket Ground, Almeria",11,15.57,1.34,16.57,66.9,open-meteo-archive,2015-01-01..2024-12-31
"Desert Springs Cricket Ground, Almeria",12,12.84,0.99,15.62,69.3,open-meteo-archive,2015-01-01..2024-12-31
"Brabourne Stadium, Mumbai",1,23.52,0.04,19.24,65.9,open-meteo-archive,2015-01-01..2024-12-31
"Brabourne Stadium, Mumbai",2,24.73,0.04,21.27,62.8,open-meteo-archive,2015-01-01..2024-12-31
"Brabourne Stadium, Mumbai",3,26.75,0.09,21.93,66.2,open-meteo-archive,2015-01-01..2024-12-31
"Brabourne Stadium, Mumbai",4,28.42,0.01,22.33,73.9,open-meteo-archive,2015-01-01..2024-12-31
"Brabourne Stadium, Mumbai",5,29.63,0.99,21.71,75.4,open-meteo-archive,2015-01-01..2024-12-31
"Brabourne Stadium, Mumbai",6,28.16,15.16,22.62,83.2,open-meteo-archive,2015-01-01..2024-12-31
"Brabourne Stadium, Mumbai",7,26.78,24.72,24.92,87.8,open-meteo-archive,2015-01-01..2024-12-31
"Brabourne Stadium, Mumbai",8,26.60,13.97,23.08,86.9,open-meteo-archive,2015-01-01..2024-12-31
"Brabourne Stadium, Mumbai",9,26.76,14.00,18.82,86.5,open-meteo-archive,2015-01-01..2024-12-31
"Brabourne Stadium, Mumbai",10,27.64,3.45,16.02,80.3,open-meteo-archive,2015-01-01..2024-12-31
"Brabourne Stadium, Mumbai",11,26.98,0.20,17.12,66.5,open-meteo-archive,2015-01-01..2024-12-31
"Brabourne Stadium, Mumbai",12,25.20,0.56,17.29,66.0,open-meteo-archive,2015-01-01..2024-12-31
"Punjab Cricket Association IS Bindra Stadium, Mohali, Chandigarh",1,11.81,2.15,14.80,80.4,open-meteo-archive,2015-01-01..2024-12-31
"Punjab Cricket Association IS Bindra Stadium, Mohali, Chandigarh",2,15.46,1.43,17.10,70.3,open-meteo-archive,2015-01-01..2024-12-31
"Punjab Cricket Association IS Bindra Stadium, Mohali, Chandigarh",3,20.26,1.72,18.29,59.7,open-meteo-archive,2015-01-01..2024-12-31
"Punjab Cricket Association IS Bindra Stadium, Mohali, Chandigarh",4,26.25,0.81,19.99,41.4,open-meteo-archive,2015-01-01..2024-12-31
"Punjab Cricket Association IS Bindra Stadium, Mohali, Chandigarh",5,30.10,0.98,20.51,38.6,open-meteo-archive,2015-01-01..2024-12-31
"Punjab Cricket Association IS Bindra Stadium, Mohali, Chandigarh",6,31.33,2.81,18.62,52.2,open-meteo-archive,2015-01-01..2024-12-31
"Punjab Cricket Association IS Bindra Stadium, Mohali, Chandigarh",7,28.87,8.14,15.91,78.1,open-meteo-archive,2015-01-01..2024-12-31
"Punjab Cricket Association IS Bindra Stadium, Mohali, Chandigarh",8,28.06,6.07,14.49,82.8,open-meteo-archive,2015-01-01..2024-12-31
"Punjab Cricket Association IS Bindra Stadium, Mohali, Chandigarh",9,27.28,3.85,14.31,77.4,open-meteo-archive,2015-01-01..2024-12-31
"Punjab Cricket Association IS Bindra Stadium, Mohali, Chandigarh",10,24.04,0.69,13.85,62.5,open-meteo-archive,2015-01-01..2024-12-31
"Punjab Cricket Association IS Bindra Stadium, Mohali, Chandigarh",11,18.70,0.42,13.31,65.8,open-meteo-archive,2015-01-01..2024-12-31
"Punjab Cricket Association IS Bindra Stadium, Mohali, Chandigarh",12,13.50,0.53,13.46,73.6,open-meteo-archive,2015-01-01..2024-12-31
"King George V Sports Ground, Castel",1,8.95,4.04,43.76,77.5,open-meteo-archive,2015-01-01..2024-12-31
"King George V Sports Ground, Castel",2,8.67,2.98,43.37,78.9,open-meteo-archive,2015-01-01..2024-12-31
"King George V Sports Ground, Castel",3,8.94,2.48,40.14,80.4,open-meteo-archive,2015-01-01..2024-12-31
"King George V Sports Ground, Castel",4,9.86,1.36,33.24,79.6,open-meteo-archive,2015-01-01..2024-12-31
"King George V Sports Ground, Castel",5,11.89,1.47,30.64,84.7,open-meteo-archive,2015-01-01..2024-12-31
"King George V Sports Ground, Castel",6,14.17,1.53,29.09,86.7,open-meteo-archive,2015-01-01..2024-12-31
"King George V Sports Ground, Castel",7,16.16,1.27,29.20,86.5,open-meteo-archive,2015-01-01..2024-12-31
"King George V Sports Ground, Castel",8,16.95,2.14,30.41,85.1,open-meteo-archive,2015-01-01..2024-12-31
"King George V Sports Ground, Castel",9,16.46,2.16,33.60,80.7,open-meteo-archive,2015-01-01..2024-12-31
"King George V Sports Ground, Castel",10,14.78,3.83,38.70,78.9,open-meteo-archive,2015-01-01..2024-12-31
"King George V Sports Ground, Castel",11,12.23,4.63,44.45,77.5,open-meteo-archive,2015-01-01..2024-12-31
"King George V Sports Ground, Castel",12,10.62,4.15,44.70,79.7,open-meteo-archive,2015-01-01..2024-12-31
"Holkar Cricket Stadium, Indore",1,17.84,0.44,12.67,60.7,open-meteo-archive,2015-01-01..2024-12-31
"Holkar Cricket Stadium, Indore",2,21.43,0.08,14.12,45.6,open-meteo-archive,2015-01-01..2024-12-31
"Holkar Cricket Stadium, Indore",3,25.70,0.23,15.45,34.6,open-meteo-archive,2015-01-01..2024-12-31
"Holkar Cricket Stadium, Indore",4,30.58,0.18,17.76,26.1,open-meteo-archive,2015-01-01..2024-12-31
"Holkar Cricket Stadium, Indore",5,32.83,0.12,20.10,31.6,open-meteo-archive,2015-01-01..2024-12-31
"Holkar Cricket Stadium, Indore",6,29.56,4.71,20.07,61.6,open-meteo-archive,2015-01-01..2024-12-31
"Holkar Cricket Stadium, Indore",7,25.63,11.99,20.67,83.8,open-meteo-archive,2015-01-01..2024-12-31
"Holkar Cricket Stadium, Indore",8,24.69,10.77,20.07,86.3,open-meteo-archive,2015-01-01..2024-12-31
"Holkar Cricket Stadium, Indore",9,25.03,7.14,15.94,83.4,open-meteo-archive,2015-01-01..2024-12-31
"Holkar Cricket Stadium, Indore",10,25.07,1.27,12.30,60.9,open-meteo-archive,2015-01-01..2024-12-31
"Holkar Cricket Stadium, Indore",11,22.61,0.28,11.82,51.0,open-meteo-archive,2015-01-01..2024-12-31
"Holkar Cricket Stadium, Indore",12,19.20,0.28,12.00,57.5,open-meteo-archive,2015-01-01..2024-12-31
"Wanderers Cricket Ground, Windhoek",1,23.86,2.85,19.01,44.6,open-meteo-archive,2015-01-01..2024-12-31
"Wanderers Cricket Ground, Windhoek",2,23.17,2.18,17.81,47.3,open-meteo-archive,2015-01-01..2024-12-31
"Wanderers Cricket Ground, Windhoek",3,21.99,1.64,17.08,49.4,open-meteo-archive,2015-01-01..2024-12-31
"Wanderers Cricket Ground, Windhoek",4,20.03,0.52,17.25,44.7,open-meteo-archive,2015-01-01..2024-12-31
"Wanderers Cricket Ground, Windhoek",5,17.49,0.02,16.99,33.3,open-meteo-archive,2015-01-01..2024-12-31
"Wanderers Cricket Ground, Windhoek",6,14.02,0.00,17.72,32.3,open-meteo-archive,2015-01-01..2024-12-31
"Wanderers Cricket Ground, Windhoek",7,13.99,0.00,18.56,28.4,open-meteo-archive,2015-01-01..2024-12-31
"Wanderers Cricket Ground, Windhoek",8,17.20,0.01,20.55,21.0,open-meteo-archive,2015-01-01..2024-12-31
"Wanderers Cricket Ground, Windhoek",9,20.84,0.03,21.25,18.3,open-meteo-archive,2015-01-01..2024-12-31
"Wanderers Cricket Ground, Windhoek",10,23.37,0.22,21.69,20.3,open-meteo-archive,2015-01-01..2024-12-31
"Wanderers Cricket Ground, Windhoek",11,24.30,0.31,21.60,24.6,open-meteo-archive,2015-01-01..2024-12-31
"Wanderers Cricket Ground, Windhoek",12,24.28,1.39,20.55,34.6,open-meteo-archive,2015-01-01..2024-12-31
"McLean Park, Napier",1,19.88,2.53,21.82,68.8,open-meteo-archive,2015-01-01..2024-12-31
"McLean Park, Napier",2,19.53,3.35,20.87,71.2,open-meteo-archive,2015-01-01..2024-12-31
"McLean Park, Napier",3,17.56,2.88,19.76,73.3,open-meteo-archive,2015-01-01..2024-12-31
"McLean Park, Napier",4,15.26,2.14,19.33,73.7,open-meteo-archive,2015-01-01..2024-12-31
"McLean Park, Napier",5,13.10,1.86,20.24,74.2,open-meteo-archive,2015-01-01..2024-12-31
"McLean Park, Napier",6,11.15,3.54,20.86,77.7,open-meteo-archive,2015-01-01..2024-12-31
"McLean Park, Napier",7,10.05,2.78,21.70,76.7,open-meteo-archive,2015-01-01..2024-12-31
"McLean Park, Napier",8,10.34,2.33,20.59,75.9,open-meteo-archive,2015-01-01..2024-12-31
"McLean Park, Napier",9,11.94,3.64,22.34,73.8,open-meteo-archive,2015-01-01..2024-12-31
"McLean Park, Napier",10,13.98,2.12,21.51,71.5,open-meteo-archive,2015-01-01..2024-12-31
"McLean Park, Napier",11,16.23,3.05,22.10,70.9,open-meteo-archive,2015-01-01..2024-12-31
"McLean Park, Napier",12,18.43,2.60,21.76,69.7,open-meteo-archive,2015-01-01..2024-12-31
"Queens Sports Club, Bulawayo",1,21.14,4.04,21.01,71.4,open-meteo-archive,2015-01-01..2024-12-31
"Queens Sports Club, Bulawayo",2,21.26,4.27,19.83,71.8,open-meteo-archive,2015-01-01..2024-12-31
"Queens Sports Club, Bulawayo",3,20.77,1.41,20.73,66.8,open-meteo-archive,2015-01-01..2024-12-31
"Queens Sports Club, Bulawayo",4,19.04,0.82,20.19,64.3,open-meteo-archive,2015-01-01..2024-12-31
"Queens Sports Club, Bulawayo",5,17.00,0.10,19.14,53.9,open-meteo-archive,2015-01-01..2024-12-31
"Queens Sports Club, Bulawayo",6,14.52,0.08,19.75,54.9,open-meteo-archive,2015-01-01..2024-12-31
"Queens Sports Club, Bulawayo",7,14.44,0.07,20.32,50.1,open-meteo-archive,2015-01-01..2024-12-31
"Queens Sports Club, Bulawayo",8,17.77,0.03,20.85,42.7,open-meteo-archive,2015-01-01..2024-12-31
"Queens Sports Club, Bulawayo",9,21.00,0.10,22.63,39.9,open-meteo-archive,2015-01-01..2024-12-31
"Queens Sports Club, Bulawayo",10,22.85,0.47,23.81,42.9,open-meteo-archive,2015-01-01..2024-12-31
"Queens Sports Club, Bulawayo",11,23.07,2.09,21.54,53.0,open-meteo-archive,2015-01-01..2024-12-31
"Queens Sports Club, Bulawayo",12,22.59,4.16,19.56,63.8,open-meteo-archive,2015-01-01..2024-12-31
"Buffalo Park, East London",1,22.60,2.31,25.23,78.3,open-meteo-archive,2015-01-01..2024-12-31
"Buffalo Park, East London",2,22.64,2.51,24.21,78.0,open-meteo-archive,2015-01-01..2024-12-31
"Buffalo Park, East London",3,22.02,2.63,23.92,78.2,open-meteo-archive,2015-01-01..2024-12-31
"Buffalo Park, East London",4,19.91,2.81,22.54,75.9,open-meteo-archive,2015-01-01..2024-12-31
"Buffalo Park, East London",5,18.56,1.37,20.94,70.2,open-meteo-archive,2015-01-01..2024-12-31
"Buffalo Park, East London",6,16.99,1.23,22.60,61.6,open-meteo-archive,2015-01-01..2024-12-31
"Buffalo Park, East London",7,16.18,0.89,23.60,60.3,open-meteo-archive,2015-01-01..2024-12-31
"Buffalo Park, East London",8,16.46,0.95,24.72,65.1,open-meteo-archive,2015-01-01..2024-12-31
"Buffalo Park, East London",9,17.29,2.31,25.45,72.6,open-meteo-archive,2015-01-01..2024-12-31
"Buffalo Park, East London",10,18.41,2.42,26.76,74.9,open-meteo-archive,2015-01-01..2024-12-31
"Buffalo Park, East London",11,19.47,2.63,25.55,76.5,open-meteo-archive,2015-01-01..2024-12-31
"Buffalo Park, East London",12,21.32,2.48,25.33,77.4,open-meteo-archive,2015-01-01..2024-12-31
"Grange Cricket Club Ground, Raeburn Place, Edinburgh",1,4.28,2.61,25.40,84.6,open-meteo-archive,2015-01-01..2024-12-31
"Grange Cricket Club Ground, Raeburn Place, Edinburgh",2,4.96,2.82,26.64,81.2,open-meteo-archive,2015-01-01..2024-12-31
"Grange Cricket Club Ground, Raeburn Place, Edinburgh",3,5.87,2.55,23.82,79.9,open-meteo-archive,2015-01-01..2024-12-31
"Grange Cricket Club Ground, Raeburn Place, Edinburgh",4,7.59,1.72,21.29,76.3,open-meteo-archive,2015-01-01..2024-12-31
"Grange Cricket Club Ground, Raeburn Place, Edinburgh",5,11.02,2.24,21.04,76.8,open-meteo-archive,2015-01-01..2024-12-31
"Grange Cricket Club Ground, Raeburn Place, Edinburgh",6,13.72,2.57,20.75,76.3,open-meteo-archive,2015-01-01..2024-12-31
"Grange Cricket Club Ground, Raeburn Place, Edinburgh",7,15.39,2.91,20.43,77.2,open-meteo-archive,2015-01-01..2024-12-31
"Grange Cricket Club Ground, Raeburn Place, Edinburgh",8,15.05,2.82,20.97,79.2,open-meteo-archive,2015-01-01..2024-12-31
"Grange Cricket Club Ground, Raeburn Place, Edinburgh",9,13.12,2.48,21.02,80.5,open-meteo-archive,2015-01-01..2024-12-31
"Grange Cricket Club Ground, Raeburn Place, Edinburgh",10,10.29,3.17,23.02,82.8,open-meteo-archive,2015-01-01..2024-12-31
"Grange Cricket Club Ground, Raeburn Place, Edinburgh",11,6.67,2.78,21.99,85.5,open-meteo-archive,2015-01-01..2024-12-31
"Grange Cricket Club Ground, Raeburn Place, Edinburgh",12,5.36,3.13,24.11,86.7,open-meteo-archive,2015-01-01..2024-12-31
"Shaheed Veer Narayan Singh International Stadium, Raipur",1,19.68,0.42,10.36,60.9,open-meteo-archive,2015-01-01..2024-12-31
"Shaheed Veer Narayan Singh International Stadium, Raipur",2,22.83,0.58,11.26,52.3,open-meteo-archive,2015-01-01..2024-12-31
"Shaheed Veer Narayan Singh International Stadium, Raipur",3,27.14,0.62,13.09,45.3,open-meteo-archive,2015-01-01..2024-12-31
"Shaheed Veer Narayan Singh International Stadium, Raipur",4,31.55,0.50,16.31,37.0,open-meteo-archive,2015-01-01..2024-12-31
"Shaheed Veer Narayan Singh International Stadium, Raipur",5,33.68,0.53,17.15,38.0,open-meteo-archive,2015-01-01..2024-12-31
"Shaheed Veer Narayan Singh International Stadium, Raipur",6,30.91,6.43,17.29,62.5,open-meteo-archive,2015-01-01..2024-12-31
"Shaheed Veer Narayan Singh International Stadium, Raipur",7,27.06,12.54,17.13,83.0,open-meteo-archive,2015-01-01..2024-12-31
"Shaheed Veer Narayan Singh International Stadium, Raipur",8,26.61,12.92,16.61,84.2,open-meteo-archive,2015-01-01..2024-12-31
"Shaheed Veer Narayan Singh International Stadium, Raipur",9,26.72,10.02,13.16,84.3,open-meteo-archive,2015-01-01..2024-12-31
"Shaheed Veer Narayan Singh International Stadium, Raipur",10,25.86,1.75,10.21,73.9,open-meteo-archive,2015-01-01..2024-12-31
"Shaheed Veer Narayan Singh International Stadium, Raipur",11,22.80,0.28,10.00,64.8,open-meteo-archive,2015-01-01..2024-12-31
"Shaheed Veer Narayan Singh International Stadium, Raipur",12,20.10,0.53,10.20,64.6,open-meteo-archive,2015-01-01..2024-12-31
"Vidarbha Cricket Association Stadium, Jamtha, Nagpur",1,21.17,0.43,11.99,55.9,open-meteo-archive,2015-01-01..2024-12-31
"Vidarbha Cricket Association Stadium, Jamtha, Nagpur",2,24.30,0.22,12.66,46.2,open-meteo-archive,2015-01-01..2024-12-31
"Vidarbha Cricket Association Stadium, Jamtha, Nagpur",3,28.51,0.46,14.38,39.0,open-meteo-archive,2015-01-01..2024-12-31
"Vidarbha Cricket Association Stadium, Jamtha, Nagpur",4,32.82,0.53,16.30,31.4,open-meteo-archive,2015-01-01..2024-12-31
"Vidarbha Cricket Association Stadium, Jamtha, Nagpur",5,35.10,0.43,18.69,32.0,open-meteo-archive,2015-01-01..2024-12-31
"Vidarbha Cricket Association Stadium, Jamtha, Nagpur",6,31.13,5.89,17.22,61.9,open-meteo-archive,2015-01-01..2024-12-31
"Vidarbha Cricket Association Stadium, Jamtha, Nagpur",7,27.01,15.67,17.52,82.6,open-meteo-archive,2015-01-01..2024-12-31
"Vidarbha Cricket Association Stadium, Jamtha, Nagpur",8,26.54,11.64,17.03,83.2,open-meteo-archive,2015-01-01..2024-12-31
"Vidarbha Cricket Association Stadium, Jamtha, Nagpur",9,26.75,7.78,13.33,83.2,open-meteo-archive,2015-01-01..2024-12-31
"Vidarbha Cricket Association Stadium, Jamtha, Nagpur",10,26.38,1.87,10.79,69.4,open-meteo-archive,2015-01-01..2024-12-31
"Vidarbha Cricket Association Stadium, Jamtha, Nagpur",11,24.03,0.15,10.73,57.4,open-meteo-archive,2015-01-01..2024-12-31
"Vidarbha Cricket Association Stadium, Jamtha, Nagpur",12,21.59,0.23,11.55,57.2,open-meteo-archive,2015-01-01..2024-12-31
"Indian Association Ground, Singapore",1,26.27,7.60,19.92,84.5,open-meteo-archive,2015-01-01..2024-12-31
"Indian Association Ground, Singapore",2,26.71,3.50,21.61,80.8,open-meteo-archive,2015-01-01..2024-12-31
"Indian Association Ground, Singapore",3,27.31,5.14,17.86,81.5,open-meteo-archive,2015-01-01..2024-12-31
"Indian Association Ground, Singapore",4,27.57,7.40,14.05,84.1,open-meteo-archive,2015-01-01..2024-12-31
"Indian Association Ground, Singapore",5,27.91,8.34,14.62,83.9,open-meteo-archive,2015-01-01..2024-12-31
"Indian Association Ground, Singapore",6,27.63,8.29,15.92,83.2,open-meteo-archive,2015-01-01..2024-12-31
"Indian Association Ground, Singapore",7,27.67,5.04,17.99,81.7,open-meteo-archive,2015-01-01..2024-12-31
"Indian Association Ground, Singapore",8,27.47,5.69,18.18,82.0,open-meteo-archive,2015-01-01..2024-12-31
"Indian Association Ground, Singapore",9,27.48,5.78,17.03,81.8,open-meteo-archive,2015-01-01..2024-12-31
"Indian Association Ground, Singapore",10,27.30,6.97,15.40,83.6,open-meteo-archive,2015-01-01..2024-12-31
"Indian Association Ground, Singapore",11,26.69,10.09,14.17,86.1,open-meteo-archive,2015-01-01..2024-12-31
"Indian Association Ground, Singapore",12,26.50,8.37,17.24,85.3,open-meteo-archive,2015-01-01..2024-12-31
"Maple Leaf North-West Ground, King City",1,-5.49,2.24,19.89,76.7,open-meteo-archive,2015-01-01..2024-12-31
"Maple Leaf North-West Ground, King City",2,-5.12,1.97,20.68,73.8,open-meteo-archive,2015-01-01..2024-12-31
"Maple Leaf North-West Ground, King City",3,-0.38,2.08,21.27,68.8,open-meteo-archive,2015-01-01..2024-12-31
"Maple Leaf North-West Ground, King City",4,5.58,3.17,21.07,67.2,open-meteo-archive,2015-01-01..2024-12-31
"Maple Leaf North-West Ground, King City",5,13.19,2.27,18.23,66.3,open-meteo-archive,2015-01-01..2024-12-31
"Maple Leaf North-West Ground, King City",6,18.24,3.32,18.22,67.5,open-meteo-archive,2015-01-01..2024-12-31
"Maple Leaf North-West Ground, King City",7,21.25,2.74,16.52,70.0,open-meteo-archive,2015-01-01..2024-12-31
"Maple Leaf North-West Ground, King City",8,20.44,2.68,16.17,73.5,open-meteo-archive,2015-01-01..2024-12-31
"Maple Leaf North-West Ground, King City",9,17.15,2.08,16.57,74.9,open-meteo-archive,2015-01-01..2024-12-31
"Maple Leaf North-West Ground, King City",10,10.31,2.67,19.27,75.7,open-meteo-archive,2015-01-01..2024-12-31
"Maple Leaf North-West Ground, King City",11,3.37,2.05,20.16,76.4,open-meteo-archive,2015-01-01..2024-12-31
"Maple Leaf North-West Ground, King City",12,-1.42,2.18,20.13,79.7,open-meteo-archive,2015-01-01..2024-12-31
"United Cricket Club Ground, Windhoek",1,23.07,2.79,19.50,44.3,open-meteo-archive,2015-01-01..2024-12-31
"United Cricket Club Ground, Windhoek",2,22.34,2.17,18.38,47.2,open-meteo-archive,2015-01-01..2024-12-31
"United Cricket Club Ground, Windhoek",3,21.15,1.78,17.61,49.0,open-meteo-archive,2015-01-01..2024-12-31
"United Cricket Club Ground, Windhoek",4,19.13,0.62,17.83,44.8,open-meteo-archive,2015-01-01..2024-12-31
"United Cricket Club Ground, Windhoek",5,16.59,0.02,17.54,33.8,open-meteo-archive,2015-01-01..2024-12-31
"United Cricket Club Ground, Windhoek",6,13.16,0.00,18.45,32.9,open-meteo-archive,2015-01-01..2024-12-31
"United Cricket Club Ground, Windhoek",7,13.18,0.01,19.27,28.8,open-meteo-archive,2015-01-01..2024-12-31
"United Cricket Club Ground, Windhoek",8,16.32,0.01,21.56,21.4,open-meteo-archive,2015-01-01..2024-12-31
"United Cricket Club Ground, Windhoek",9,19.90,0.04,22.15,18.7,open-meteo-archive,2015-01-01..2024-12-31
"United Cricket Club Ground, Windhoek",10,22.42,0.26,22.46,20.6,open-meteo-archive,2015-01-01..2024-12-31
"United Cricket Club Ground, Windhoek",11,23.41,0.30,22.22,24.7,open-meteo-archive,2015-01-01..2024-12-31
"United Cricket Club Ground, Windhoek",12,23.45,1.44,20.95,34.4,open-meteo-archive,2015-01-01..2024-12-31
"College Ground, Cheltenham",1,4.57,1.92,23.27,87.3,open-meteo-archive,2015-01-01..2024-12-31
"College Ground, Cheltenham",2,5.63,2.17,25.67,83.1,open-meteo-archive,2015-01-01..2024-12-31
"College Ground, Cheltenham",3,6.78,2.34,24.20,80.5,open-meteo-archive,2015-01-01..2024-12-31
"College Ground, Cheltenham",4,8.77,1.58,20.48,75.1,open-meteo-archive,2015-01-01..2024-12-31
"College Ground, Cheltenham",5,12.31,2.20,20.17,75.3,open-meteo-archive,2015-01-01..2024-12-31
"College Ground, Cheltenham",6,15.51,2.13,19.78,74.2,open-meteo-archive,2015-01-01..2024-12-31
"College Ground, Cheltenham",7,17.31,2.13,20.15,73.0,open-meteo-archive,2015-01-01..2024-12-31
"College Ground, Cheltenham",8,16.90,2.10,20.78,76.0,open-meteo-archive,2015-01-01..2024-12-31
"College Ground, Cheltenham",9,14.62,2.27,20.62,79.3,open-meteo-archive,2015-01-01..2024-12-31
"College Ground, Cheltenham",10,11.46,2.68,22.43,84.2,open-meteo-archive,2015-01-01..2024-12-31
"College Ground, Cheltenham",11,7.72,2.38,22.97,87.4,open-meteo-archive,2015-01-01..2024-12-31
"College Ground, Cheltenham",12,6.48,2.62,24.36,89.1,open-meteo-archive,2015-01-01..2024-12-31
"Amini Park, Port Moresby",1,26.85,8.79,15.74,81.7,open-meteo-archive,2015-01-01..2024-12-31
"Amini Park, Port Moresby",2,26.61,7.24,16.92,82.1,open-meteo-archive,2015-01-01..2024-12-31
"Amini Park, Port Moresby",3,26.33,9.63,14.60,85.3,open-meteo-archive,2015-01-01..2024-12-31
"Amini Park, Port Moresby",4,26.22,6.99,13.90,86.7,open-meteo-archive,2015-01-01..2024-12-31
"Amini Park, Port Moresby",5,26.27,3.96,17.89,84.5,open-meteo-archive,2015-01-01..2024-12-31
"Amini Park, Port Moresby",6,25.81,1.95,20.14,82.4,open-meteo-archive,2015-01-01..2024-12-31
"Amini Park, Port Moresby",7,25.44,1.56,22.21,80.3,open-meteo-archive,2015-01-01..2024-12-31
"Amini Park, Port Moresby",8,25.32,1.48,23.41,79.3,open-meteo-archive,2015-01-01..2024-12-31
"Amini Park, Port Moresby",9,25.85,2.21,22.66,79.3,open-meteo-archive,2015-01-01..2024-12-31
"Amini Park, Port Moresby",10,26.26,3.32,19.23,81.8,open-meteo-archive,2015-01-01..2024-12-31
"Amini Park, Port Moresby",11,26.84,3.07,16.91,81.1,open-meteo-archive,2015-01-01..2024-12-31
"Amini Park, Port Moresby",12,27.02,5.49,14.57,81.9,open-meteo-archive,2015-01-01..2024-12-31
"Pukekura Park, New Plymouth",1,18.45,6.01,22.89,80.5,open-meteo-archive,2015-01-01..2024-12-31
"Pukekura Park, New Plymouth",2,18.38,6.54,22.24,79.8,open-meteo-archive,2015-01-01..2024-12-31
"Pukekura Park, New Plymouth",3,17.12,6.80,22.97,80.6,open-meteo-archive,2015-01-01..2024-12-31
"Pukekura Park, New Plymouth",4,15.08,8.55,23.10,81.9,open-meteo-archive,2015-01-01..2024-12-31
"Pukekura Park, New Plymouth",5,13.22,11.02,25.29,83.1,open-meteo-archive,2015-01-01..2024-12-31
"Pukekura Park, New Plymouth",6,11.49,8.02,24.63,82.4,open-meteo-archive,2015-01-01..2024-12-31
"Pukekura Park, New Plymouth",7,10.59,9.98,26.32,83.3,open-meteo-archive,2015-01-01..2024-12-31
"Pukekura Park, New Plymouth",8,10.51,11.18,25.14,83.9,open-meteo-archive,2015-01-01..2024-12-31
"Pukekura Park, New Plymouth",9,11.58,9.02,27.42,82.4,open-meteo-archive,2015-01-01..2024-12-31
"Pukekura Park, New Plymouth",10,13.03,7.00,25.35,83.0,open-meteo-archive,2015-01-01..2024-12-31
"Pukekura Park, New Plymouth",11,14.87,8.24,25.05,81.9,open-meteo-archive,2015-01-01..2024-12-31
"Pukekura Park, New Plymouth",12,16.95,8.36,23.18,81.6,open-meteo-archive,2015-01-01..2024-12-31
"The Village, Malahide, Dublin",1,5.90,1.94,25.86,83.8,open-meteo-archive,2015-01-01..2024-12-31
"The Village, Malahide, Dublin",2,6.50,2.27,27.79,80.2,open-meteo-archive,2015-01-01..2024-12-31
"The Village, Malahide, Dublin",3,7.18,2.44,25.35,79.7,open-meteo-archive,2015-01-01..2024-12-31
"The Village, Malahide, Dublin",4,8.62,2.01,21.61,78.6,open-meteo-archive,2015-01-01..2024-12-31
"The Village, Malahide, Dublin",5,11.85,2.10,20.45,77.5,open-meteo-archive,2015-01-01..2024-12-31
"The Village, Malahide, Dublin",6,14.52,2.33,20.23,76.4,open-meteo-archive,2015-01-01..2024-12-31
"The Village, Malahide, Dublin",7,16.03,2.52,19.80,77.7,open-meteo-archive,2015-01-01..2024-12-31
"The Village, Malahide, Dublin",8,15.80,2.64,21.38,79.1,open-meteo-archive,2015-01-01..2024-12-31
"The Village, Malahide, Dublin",9,13.98,2.72,21.98,81.0,open-meteo-archive,2015-01-01..2024-12-31
"The Village, Malahide, Dublin",10,11.61,2.65,23.91,81.6,open-meteo-archive,2015-01-01..2024-12-31
"The Village, Malahide, Dublin",11,8.43,2.87,24.75,84.4,open-meteo-archive,2015-01-01..2024-12-31
"The Village, Malahide, Dublin",12,7.15,2.93,26.54,85.5,open-meteo-archive,2015-01-01..2024-12-31
"Molyneux Park, Alexandra",1,17.37,2.94,16.83,67.2,open-meteo-archive,2015-01-01..2024-12-31
"Molyneux Park, Alexandra",2,16.66,2.72,15.69,68.3,open-meteo-archive,2015-01-01..2024-12-31
"Molyneux Park, Alexandra",3,14.67,2.30,13.49,72.3,open-meteo-archive,2015-01-01..2024-12-31
"Molyneux Park, Alexandra",4,11.26,2.36,12.49,76.2,open-meteo-archive,2015-01-01..2024-12-31
"Molyneux Park, Alexandra",5,7.75,2.26,9.90,81.6,open-meteo-archive,2015-01-01..2024-12-31
"Molyneux Park, Alexandra",6,4.71,1.87,7.90,84.5,open-meteo-archive,2015-01-01..2024-12-31
"Molyneux Park, Alexandra",7,4.18,2.23,8.49,82.7,open-meteo-archive,2015-01-01..2024-12-31
"Molyneux Park, Alexandra",8,5.55,1.71,10.09,79.6,open-meteo-archive,2015-01-01..2024-12-31
"Molyneux Park, Alexandra",9,8.06,2.63,13.88,73.7,open-meteo-archive,2015-01-01..2024-12-31
"Molyneux Park, Alexandra",10,10.85,2.92,15.80,71.1,open-meteo-archive,2015-01-01..2024-12-31
"Molyneux Park, Alexandra",11,13.42,2.75,16.92,69.9,open-meteo-archive,2015-01-01..2024-12-31
"Molyneux Park, Alexandra",12,15.85,2.98,17.20,67.1,open-meteo-archive,2015-01-01..2024-12-31
"Barsapara Cricket Stadium, Guwahati",1,17.02,0.58,9.03,76.6,open-meteo-archive,2015-01-01..2024-12-31
"Barsapara Cricket Stadium, Guwahati",2,19.17,0.91,10.39,72.1,open-meteo-archive,2015-01-01..2024-12-31
"Barsapara Cricket Stadium, Guwahati",3,22.93,1.53,12.61,65.9,open-meteo-archive,2015-01-01..2024-12-31
"Barsapara Cricket Stadium, Guwahati",4,24.69,4.94,13.17,75.6,open-meteo-archive,2015-01-01..2024-12-31
"Barsapara Cricket Stadium, Guwahati",5,25.79,9.56,12.04,82.8,open-meteo-archive,2015-01-01..2024-12-31
"Barsapara Cricket Stadium, Guwahati",6,27.13,14.05,10.57,87.6,open-meteo-archive,2015-01-01..2024-12-31
"Barsapara Cricket Stadium, Guwahati",7,27.63,17.63,10.47,88.4,open-meteo-archive,2015-01-01..2024-12-31
"Barsapara Cricket Stadium, Guwahati",8,27.88,14.64,10.14,87.0,open-meteo-archive,2015-01-01..2024-12-31
"Barsapara Cricket Stadium, Guwahati",9,27.32,10.93,9.85,87.2,open-meteo-archive,2015-01-01..2024-12-31
"Barsapara Cricket Stadium, Guwahati",10,25.23,6.19,9.75,84.6,open-meteo-archive,2015-01-01..2024-12-31
"Barsapara Cricket Stadium, Guwahati",11,21.78,0.40,9.43,77.7,open-meteo-archive,2015-01-01..2024-12-31
"Barsapara Cricket Stadium, Guwahati",12,18.44,0.40,8.93,77.6,open-meteo-archive,2015-01-01..2024-12-31
"Civil Service Cricket Club, Stormont, Belfast",1,5.18,2.28,24.90,85.5,open-meteo-archive,2015-01-01..2024-12-31
"Civil Service Cricket Club, Stormont, Belfast",2,5.67,2.83,26.62,82.4,open-meteo-archive,2015-01-01..2024-12-31
"Civil Service Cricket Club, Stormont, Belfast",3,6.34,2.66,23.67,81.5,open-meteo-archive,2015-01-01..2024-12-31
"Civil Service Cricket Club, Stormont, Belfast",4,7.89,2.04,20.73,78.8,open-meteo-archive,2015-01-01..2024-12-31
"Civil Service Cricket Club, Stormont, Belfast",5,11.13,2.26,19.58,78.3,open-meteo-archive,2015-01-01..2024-12-31
"Civil Service Cricket Club, Stormont, Belfast",6,13.77,2.69,19.07,78.3,open-meteo-archive,2015-01-01..2024-12-31
"Civil Service Cricket Club, Stormont, Belfast",7,14.94,3.25,18.92,80.3,open-meteo-archive,2015-01-01..2024-12-31
"Civil Service Cricket Club, Stormont, Belfast",8,14.88,3.35,20.18,82.1,open-meteo-archive,2015-01-01..2024-12-31
"Civil Service Cricket Club, Stormont, Belfast",9,13.19,2.94,21.34,83.0,open-meteo-archive,2015-01-01..2024-12-31
"Civil Service Cricket Club, Stormont, Belfast",10,10.83,2.96,23.38,83.7,open-meteo-archive,2015-01-01..2024-12-31
"Civil Service Cricket Club, Stormont, Belfast",11,7.75,3.04,23.31,85.9,open-meteo-archive,2015-01-01..2024-12-31
"Civil Service Cricket Club, Stormont, Belfast",12,6.38,3.23,24.91,87.7,open-meteo-archive,2015-01-01..2024-12-31
"Mangaung Oval, Bloemfontein",1,22.85,2.47,19.37,53.2,open-meteo-archive,2015-01-01..2024-12-31
"Mangaung Oval, Bloemfontein",2,21.91,2.22,18.19,56.2,open-meteo-archive,2015-01-01..2024-12-31
"Mangaung Oval, Bloemfontein",3,20.27,1.64,18.03,55.5,open-meteo-archive,2015-01-01..2024-12-31
"Mangaung Oval, Bloemfontein",4,15.96,1.92,16.55,61.1,open-meteo-archive,2015-01-01..2024-12-31
"Mangaung Oval, Bloemfontein",5,12.94,0.64,15.18,55.6,open-meteo-archive,2015-01-01..2024-12-31
"Mangaung Oval, Bloemfontein",6,9.34,0.36,16.19,55.1,open-meteo-archive,2015-01-01..2024-12-31
"Mangaung Oval, Bloemfontein",7,8.98,0.32,17.34,48.4,open-meteo-archive,2015-01-01..2024-12-31
"Mangaung Oval, Bloemfontein",8,11.85,0.28,18.61,39.7,open-meteo-archive,2015-01-01..2024-12-31
"Mangaung Oval, Bloemfontein",9,16.51,0.51,21.14,35.1,open-meteo-archive,2015-01-01..2024-12-31
"Mangaung Oval, Bloemfontein",10,19.47,0.95,21.17,36.1,open-meteo-archive,2015-01-01..2024-12-31
"Mangaung Oval, Bloemfontein",11,21.19,1.45,22.57,40.4,open-meteo-archive,2015-01-01..2024-12-31
"Mangaung Oval, Bloemfontein",12,22.99,2.05,22.15,45.4,open-meteo-archive,2015-01-01..2024-12-31
"Sportpark Westvliet, The Hague",1,4.90,2.72,27.66,84.1,open-meteo-archive,2015-01-01..2024-12-31
"Sportpark Westvliet, The Hague",2,5.39,2.49,27.84,82.2,open-meteo-archive,2015-01-01..2024-12-31
"Sportpark Westvliet, The Hague",3,6.79,2.18,25.37,79.2,open-meteo-archive,2015-01-01..2024-12-31
"Sportpark Westvliet, The Hague",4,9.24,1.75,23.15,74.6,open-meteo-archive,2015-01-01..2024-12-31
"Sportpark Westvliet, The Hague",5,13.08,1.90,22.38,76.1,open-meteo-archive,2015-01-01..2024-12-31
"Sportpark Westvliet, The Hague",6,16.65,2.16,21.64,75.7,open-meteo-archive,2015-01-01..2024-12-31
"Sportpark Westvliet, The Hague",7,18.01,2.50,22.54,75.7,open-meteo-archive,2015-01-01..2024-12-31
"Sportpark Westvliet, The Hague",8,18.57,2.67,21.71,76.5,open-meteo-archive,2015-01-01..2024-12-31
"Sportpark Westvliet, The Hague",9,15.99,3.05,21.64,78.3,open-meteo-archive,2015-01-01..2024-12-31
"Sportpark Westvliet, The Hague",10,12.52,2.95,24.32,82.2,open-meteo-archive,2015-01-01..2024-12-31
"Sportpark Westvliet, The Hague",11,8.27,3.07,25.13,84.5,open-meteo-archive,2015-01-01..2024-12-31
"Sportpark Westvliet, The Hague",12,6.38,2.74,26.52,87.2,open-meteo-archive,2015-01-01..2024-12-31
"Sheikh Abu Naser Stadium, Khulna",1,18.45,0.35,10.57,74.7,open-meteo-archive,2015-01-01..2024-12-31
"Sheikh Abu Naser Stadium, Khulna",2,21.99,0.74,11.40,70.4,open-meteo-archive,2015-01-01..2024-12-31
"Sheikh Abu Naser Stadium, Khulna",3,26.08,1.97,13.25,70.4,open-meteo-archive,2015-01-01..2024-12-31
"Sheikh Abu Naser Stadium, Khulna",4,28.94,3.57,16.72,75.4,open-meteo-archive,2015-01-01..2024-12-31
"Sheikh Abu Naser Stadium, Khulna",5,29.37,5.72,17.39,78.9,open-meteo-archive,2015-01-01..2024-12-31
"Sheikh Abu Naser Stadium, Khulna",6,29.12,9.09,17.62,83.6,open-meteo-archive,2015-01-01..2024-12-31
"Sheikh Abu Naser Stadium, Khulna",7,28.26,11.87,17.25,86.4,open-meteo-archive,2015-01-01..2024-12-31
"Sheikh Abu Naser Stadium, Khulna",8,28.08,11.00,16.43,86.9,open-meteo-archive,2015-01-01..2024-12-31
"Sheikh Abu Naser Stadium, Khulna",9,28.03,9.25,14.04,87.0,open-meteo-archive,2015-01-01..2024-12-31
"Sheikh Abu Naser Stadium, Khulna",10,26.75,6.36,11.04,84.2,open-meteo-archive,2015-01-01..2024-12-31
"Sheikh Abu Naser Stadium, Khulna",11,23.37,1.53,9.75,76.6,open-meteo-archive,2015-01-01..2024-12-31
"Sheikh Abu Naser Stadium, Khulna",12,19.84,1.01,10.13,75.7,open-meteo-archive,2015-01-01..2024-12-31
"Saxton Oval, Nelson",1,18.20,2.48,18.13,72.9,open-meteo-archive,2015-01-01..2024-12-31
"Saxton Oval, Nelson",2,17.57,3.14,17.30,74.5,open-meteo-archive,2015-01-01..2024-12-31
"Saxton Oval, Nelson",3,15.93,3.00,15.53,77.3,open-meteo-archive,2015-01-01..2024-12-31
"Saxton Oval, Nelson",4,13.31,3.09,14.99,79.4,open-meteo-archive,2015-01-01..2024-12-31
"Saxton Oval, Nelson",5,11.11,3.96,15.02,81.9,open-meteo-archive,2015-01-01..2024-12-31
"Saxton Oval, Nelson",6,9.00,3.38,13.47,82.4,open-meteo-archive,2015-01-01..2024-12-31
"Saxton Oval, Nelson",7,8.18,4.14,15.74,81.4,open-meteo-archive,2015-01-01..2024-12-31
"Saxton Oval, Nelson",8,8.68,3.83,15.03,81.8,open-meteo-archive,2015-01-01..2024-12-31
"Saxton Oval, Nelson",9,10.17,3.03,16.94,78.3,open-meteo-archive,2015-01-01..2024-12-31
"Saxton Oval, Nelson",10,12.28,3.07,18.53,76.0,open-meteo-archive,2015-01-01..2024-12-31
"Saxton Oval, Nelson",11,14.38,3.54,18.31,75.7,open-meteo-archive,2015-01-01..2024-12-31
"Saxton Oval, Nelson",12,16.62,3.19,18.94,74.5,open-meteo-archive,2015-01-01..2024-12-31
"De Beers Diamond Oval, Kimberley",1,25.23,2.31,19.60,46.0,open-meteo-archive,2015-01-01..2024-12-31
"De Beers Diamond Oval, Kimberley",2,24.23,1.63,19.23,49.5,open-meteo-archive,2015-01-01..2024-12-31
"De Beers Diamond Oval, Kimberley",3,22.38,1.63,18.81,50.1,open-meteo-archive,2015-01-01..2024-12-31
"De Beers Diamond Oval, Kimberley",4,17.76,1.63,16.40,57.2,open-meteo-archive,2015-01-01..2024-12-31
"De Beers Diamond Oval, Kimberley",5,14.51,0.43,15.17,53.5,open-meteo-archive,2015-01-01..2024-12-31
"De Beers Diamond Oval, Kimberley",6,10.95,0.36,16.42,53.8,open-meteo-archive,2015-01-01..2024-12-31
"De Beers Diamond Oval, Kimberley",7,10.59,0.12,17.37,45.9,open-meteo-archive,2015-01-01..2024-12-31
"De Beers Diamond Oval, Kimberley",8,13.58,0.21,18.92,35.4,open-meteo-archive,2015-01-01..2024-12-31
"De Beers Diamond Oval, Kimberley",9,18.11,0.31,20.86,31.1,open-meteo-archive,2015-01-01..2024-12-31
"De Beers Diamond Oval, Kimberley",10,21.61,0.64,21.45,29.5,open-meteo-archive,2015-01-01..2024-12-31
"De Beers Diamond Oval, Kimberley",11,23.45,1.04,22.61,32.9,open-meteo-archive,2015-01-01..2024-12-31
"De Beers Diamond Oval, Kimberley",12,25.35,1.77,23.16,37.8,open-meteo-archive,2015-01-01..2024-12-31
"Aurora Stadium, Launceston",1,18.70,2.01,20.03,67.5,open-meteo-archive,2015-01-01..2024-12-31
"Aurora Stadium, Launceston",2,17.70,1.88,19.46,68.9,open-meteo-archive,2015-01-01..2024-12-31
"Aurora Stadium, Launceston",3,16.09,1.81,18.20,73.2,open-meteo-archive,2015-01-01..2024-12-31
"Aurora Stadium, Launceston",4,13.08,1.87,16.90,78.9,open-meteo-archive,2015-01-01..2024-12-31
"Aurora Stadium, Launceston",5,10.19,2.28,17.66,84.0,open-meteo-archive,2015-01-01..2024-12-31
"Aurora Stadium, Launceston",6,8.25,2.39,16.35,87.1,open-meteo-archive,2015-01-01..2024-12-31
"Aurora Stadium, Launceston",7,7.80,2.95,18.27,86.3,open-meteo-archive,2015-01-01..2024-12-31
"Aurora Stadium, Launceston",8,8.48,2.49,18.99,83.6,open-meteo-archive,2015-01-01..2024-12-31
"Aurora Stadium, Launceston",9,10.13,2.21,19.62,79.3,open-meteo-archive,2015-01-01..2024-12-31
"Aurora Stadium, Launceston",10,12.15,2.59,20.49,76.1,open-meteo-archive,2015-01-01..2024-12-31
"Aurora Stadium, Launceston",11,14.61,2.21,20.17,72.8,open-meteo-archive,2015-01-01..2024-12-31
"Aurora Stadium, Launceston",12,16.76,1.93,20.57,68.3,open-meteo-archive,2015-01-01..2024-12-31
"Radlett Cricket Club, Radlett",1,4.35,2.00,22.68,87.4,open-meteo-archive,2015-01-01..2024-12-31
"Radlett Cricket Club, Radlett",2,5.44,1.86,24.26,83.4,open-meteo-archive,2015-01-01..2024-12-31
"Radlett Cricket Club, Radlett",3,6.74,2.04,23.05,80.5,open-meteo-archive,2015-01-01..2024-12-31
"Radlett Cricket Club, Radlett",4,8.71,1.40,19.66,74.6,open-meteo-archive,2015-01-01..2024-12-31
"Radlett Cricket Club, Radlett",5,12.36,2.06,19.37,74.8,open-meteo-archive,2015-01-01..2024-12-31
"Radlett Cricket Club, Radlett",6,15.76,2.09,18.77,73.4,open-meteo-archive,2015-01-01..2024-12-31
"Radlett Cricket Club, Radlett",7,17.68,2.04,19.09,71.8,open-meteo-archive,2015-01-01..2024-12-31
"Radlett Cricket Club, Radlett",8,17.32,2.02,19.10,75.0,open-meteo-archive,2015-01-01..2024-12-31
"Radlett Cricket Club, Radlett",9,14.89,2.26,19.13,78.6,open-meteo-archive,2015-01-01..2024-12-31
"Radlett Cricket Club, Radlett",10,11.52,2.57,21.09,84.7,open-meteo-archive,2015-01-01..2024-12-31
"Radlett Cricket Club, Radlett",11,7.62,2.26,21.59,87.8,open-meteo-archive,2015-01-01..2024-12-31
"Radlett Cricket Club, Radlett",12,6.33,2.31,22.77,89.5,open-meteo-archive,2015-01-01..2024-12-31
"Merchant Taylors' School Ground, Northwood",1,4.49,2.04,22.39,87.6,open-meteo-archive,2015-01-01..2024-12-31
"Merchant Taylors' School Ground, Northwood",2,5.56,1.99,23.71,83.6,open-meteo-archive,2015-01-01..2024-12-31
"Merchant Taylors' School Ground, Northwood",3,6.86,2.22,22.66,80.6,open-meteo-archive,2015-01-01..2024-12-31
"Merchant Taylors' School Ground, Northwood",4,8.88,1.53,19.43,74.5,open-meteo-archive,2015-01-01..2024-12-31
"Merchant Taylors' School Ground, Northwood",5,12.47,2.29,19.10,74.8,open-meteo-archive,2015-01-01..2024-12-31
"Merchant Taylors' School Ground, Northwood",6,15.85,1.98,18.66,73.4,open-meteo-archive,2015-01-01..2024-12-31
"Merchant Taylors' School Ground, Northwood",7,17.76,2.18,18.96,71.8,open-meteo-archive,2015-01-01..2024-12-31
"Merchant Taylors' School Ground, Northwood",8,17.40,2.08,18.91,75.0,open-meteo-archive,2015-01-01..2024-12-31
"Merchant Taylors' School Ground, Northwood",9,14.99,2.37,18.86,78.7,open-meteo-archive,2015-01-01..2024-12-31
"Merchant Taylors' School Ground, Northwood",10,11.62,2.77,20.62,84.9,open-meteo-archive,2015-01-01..2024-12-31
"Merchant Taylors' School Ground, Northwood",11,7.76,2.44,21.33,87.9,open-meteo-archive,2015-01-01..2024-12-31
"Merchant Taylors' School Ground, Northwood",12,6.45,2.39,22.43,89.8,open-meteo-archive,2015-01-01..2024-12-31
"Sportpark Het Schootsveld, Deventer",1,3.85,2.49,22.97,86.5,open-meteo-archive,2015-01-01..2024-12-31
"Sportpark Het Schootsveld, Deventer",2,4.63,2.68,23.73,82.6,open-meteo-archive,2015-01-01..2024-12-31
"Sportpark Het Schootsveld, Deventer",3,6.44,2.15,21.77,78.6,open-meteo-archive,2015-01-01..2024-12-31
"Sportpark Het Schootsveld, Deventer",4,9.20,1.78,20.04,73.2,open-meteo-archive,2015-01-01..2024-12-31
"Sportpark Het Schootsveld, Deventer",5,13.64,1.96,19.22,72.1,open-meteo-archive,2015-01-01..2024-12-31
"Sportpark Het Schootsveld, Deventer",6,17.52,2.28,18.51,71.5,open-meteo-archive,2015-01-01..2024-12-31
"Sportpark Het Schootsveld, Deventer",7,18.49,2.59,18.92,73.1,open-meteo-archive,2015-01-01..2024-12-31
"Sportpark Het Schootsveld, Deventer",8,18.75,2.37,18.28,74.5,open-meteo-archive,2015-01-01..2024-12-31
"Sportpark Het Schootsveld, Deventer",9,15.55,2.27,17.88,78.2,open-meteo-archive,2015-01-01..2024-12-31
"Sportpark Het Schootsveld, Deventer",10,11.87,2.52,20.46,83.4,open-meteo-archive,2015-01-01..2024-12-31
"Sportpark Het Schootsveld, Deventer",11,7.22,2.38,21.16,87.4,open-meteo-archive,2015-01-01..2024-12-31
"Sportpark Het Schootsveld, Deventer",12,5.46,2.49,22.31,88.7,open-meteo-archive,2015-01-01..2024-12-31
"College Field, St Peter Port",1,8.76,3.92,43.88,77.5,open-meteo-archive,2015-01-01..2024-12-31
"College Field, St Peter Port",2,8.48,2.93,43.61,78.9,open-meteo-archive,2015-01-01..2024-12-31
"College Field, St Peter Port",3,8.79,2.43,40.42,80.3,open-meteo-archive,2015-01-01..2024-12-31
"College Field, St Peter Port",4,9.74,1.38,33.36,79.4,open-meteo-archive,2015-01-01..2024-12-31
"College Field, St Peter Port",5,11.79,1.47,30.86,84.6,open-meteo-archive,2015-01-01..2024-12-31
"College Field, St Peter Port",6,14.08,1.52,29.22,86.7,open-meteo-archive,2015-01-01..2024-12-31
"College Field, St Peter Port",7,16.04,1.24,29.43,86.4,open-meteo-archive,2015-01-01..2024-12-31
"College Field, St Peter Port",8,16.86,2.28,30.61,84.9,open-meteo-archive,2015-01-01..2024-12-31
"College Field, St Peter Port",9,16.39,2.26,33.89,80.4,open-meteo-archive,2015-01-01..2024-12-31
"College Field, St Peter Port",10,14.67,3.96,38.92,78.8,open-meteo-archive,2015-01-01..2024-12-31
"College Field, St Peter Port",11,12.09,4.59,44.69,77.3,open-meteo-archive,2015-01-01..2024-12-31
"College Field, St Peter Port",12,10.44,4.23,45.02,79.6,open-meteo-archive,2015-01-01..2024-12-31
"Greenfield International Stadium, Thiruvananthapuram",1,26.04,1.45,12.96,72.7,open-meteo-archive,2015-01-01..2024-12-31
"Greenfield International Stadium, Thiruvananthapuram",2,27.01,0.83,14.69,69.4,open-meteo-archive,2015-01-01..2024-12-31
"Greenfield International Stadium, Thiruvananthapuram",3,27.61,3.16,15.47,75.6,open-meteo-archive,2015-01-01..2024-12-31
"Greenfield International Stadium, Thiruvananthapuram",4,27.65,6.41,14.38,82.6,open-meteo-archive,2015-01-01..2024-12-31
"Greenfield International Stadium, Thiruvananthapuram",5,26.89,13.37,15.74,87.1,open-meteo-archive,2015-01-01..2024-12-31
"Greenfield International Stadium, Thiruvananthapuram",6,25.95,9.13,18.73,89.0,open-meteo-archive,2015-01-01..2024-12-31
"Greenfield International Stadium, Thiruvananthapuram",7,25.66,7.35,21.01,87.9,open-meteo-archive,2015-01-01..2024-12-31
"Greenfield International Stadium, Thiruvananthapuram",8,25.56,7.99,19.87,88.0,open-meteo-archive,2015-01-01..2024-12-31
"Greenfield International Stadium, Thiruvananthapuram",9,25.53,8.10,17.66,88.5,open-meteo-archive,2015-01-01..2024-12-31
"Greenfield International Stadium, Thiruvananthapuram",10,25.51,11.15,13.10,88.5,open-meteo-archive,2015-01-01..2024-12-31
"Greenfield International Stadium, Thiruvananthapuram",11,25.59,8.20,10.60,86.7,open-meteo-archive,2015-01-01..2024-12-31
"Greenfield International Stadium, Thiruvananthapuram",12,25.84,4.08,11.17,80.4,open-meteo-archive,2015-01-01..2024-12-31
"International Sports Stadium, Coffs Harbour",1,23.56,4.61,18.08,80.8,open-meteo-archive,2015-01-01..2024-12-31
"International Sports Stadium, Coffs Harbour",2,23.03,8.64,17.56,81.9,open-meteo-archive,2015-01-01..2024-12-31
"International Sports Stadium, Coffs Harbour",3,22.01,9.74,16.84,83.5,open-meteo-archive,2015-01-01..2024-12-31
"International Sports Stadium, Coffs Harbour",4,19.46,3.51,16.12,80.5,open-meteo-archive,2015-01-01..2024-12-31
"International Sports Stadium, Coffs Harbour",5,16.84,2.46,14.88,78.2,open-meteo-archive,2015-01-01..2024-12-31
"International Sports Stadium, Coffs Harbour",6,14.43,2.92,15.29,77.7,open-meteo-archive,2015-01-01..2024-12-31
"International Sports Stadium, Coffs Harbour",7,13.87,2.18,15.37,74.2,open-meteo-archive,2015-01-01..2024-12-31
"International Sports Stadium, Coffs Harbour",8,14.93,1.48,15.84,71.8,open-meteo-archive,2015-01-01..2024-12-31
"International Sports Stadium, Coffs Harbour",9,16.88,2.87,18.41,72.0,open-meteo-archive,2015-01-01..2024-12-31
"International Sports Stadium, Coffs Harbour",10,19.04,3.76,18.44,76.2,open-meteo-archive,2015-01-01..2024-12-31
"International Sports Stadium, Coffs Harbour",11,20.85,3.17,18.42,76.3,open-meteo-archive,2015-01-01..2024-12-31
"International Sports Stadium, Coffs Harbour",12,22.58,4.79,18.93,78.3,open-meteo-archive,2015-01-01..2024-12-31
"Sportpark Maarschalkerweerd, Utrecht",1,4.15,2.60,23.27,86.3,open-meteo-archive,2015-01-01..2024-12-31
"Sportpark Maarschalkerweerd, Utrecht",2,4.94,2.74,24.15,82.9,open-meteo-archive,2015-01-01..2024-12-31
"Sportpark Maarschalkerweerd, Utrecht",3,6.65,2.31,22.30,78.8,open-meteo-archive,2015-01-01..2024-12-31
"Sportpark Maarschalkerweerd, Utrecht",4,9.29,1.82,20.39,73.9,open-meteo-archive,2015-01-01..2024-12-31
"Sportpark Maarschalkerweerd, Utrecht",5,13.49,2.18,19.42,74.0,open-meteo-archive,2015-01-01..2024-12-31
"Sportpark Maarschalkerweerd, Utrecht",6,17.20,2.41,18.92,73.6,open-meteo-archive,2015-01-01..2024-12-31
"Sportpark Maarschalkerweerd, Utrecht",7,18.26,2.51,19.43,74.7,open-meteo-archive,2015-01-01..2024-12-31
"Sportpark Maarschalkerweerd, Utrecht",8,18.60,2.48,18.59,75.9,open-meteo-archive,2015-01-01..2024-12-31
"Sportpark Maarschalkerweerd, Utrecht",9,15.63,2.50,18.49,79.1,open-meteo-archive,2015-01-01..2024-12-31
"Sportpark Maarschalkerweerd, Utrecht",10,12.03,2.63,20.93,83.9,open-meteo-archive,2015-01-01..2024-12-31
"Sportpark Maarschalkerweerd, Utrecht",11,7.52,2.68,21.28,87.2,open-meteo-archive,2015-01-01..2024-12-31
"Sportpark Maarschalkerweerd, Utrecht",12,5.72,2.56,22.43,88.8,open-meteo-archive,2015-01-01..2024-12-31
"Sky Stadium, Wellington",1,17.67,1.29,33.30,78.0,open-meteo-archive,2015-01-01..2024-12-31
"Sky Stadium, Wellington",2,17.50,2.85,33.81,77.5,open-meteo-archive,2015-01-01..2024-12-31
"Sky Stadium, Wellington",3,16.27,2.48,32.16,78.3,open-meteo-archive,2015-01-01..2024-12-31
"Sky Stadium, Wellington",4,14.65,3.06,32.69,78.8,open-meteo-archive,2015-01-01..2024-12-31
"Sky Stadium, Wellington",5,13.15,3.21,32.90,79.0,open-meteo-archive,2015-01-01..2024-12-31
"Sky Stadium, Wellington",6,11.38,3.38,31.53,80.1,open-meteo-archive,2015-01-01..2024-12-31
"Sky Stadium, Wellington",7,10.46,3.41,33.30,78.5,open-meteo-archive,2015-01-01..2024-12-31
"Sky Stadium, Wellington",8,10.53,3.37,33.35,79.5,open-meteo-archive,2015-01-01..2024-12-31
"Sky Stadium, Wellington",9,11.26,2.97,36.21,78.5,open-meteo-archive,2015-01-01..2024-12-31
"Sky Stadium, Wellington",10,12.60,2.40,35.13,79.3,open-meteo-archive,2015-01-01..2024-12-31
"Sky Stadium, Wellington",11,14.22,2.89,35.66,79.5,open-meteo-archive,2015-01-01..2024-12-31
"Sky Stadium, Wellington",12,16.02,2.55,34.49,80.0,open-meteo-archive,2015-01-01..2024-12-31
"Shere Bangla National Stadium, Mirpur",1,18.01,0.17,10.51,74.7,open-meteo-archive,2015-01-01..2024-12-31
"Shere Bangla National Stadium, Mirpur",2,21.17,0.57,11.45,68.2,open-meteo-archive,2015-01-01..2024-12-31
"Shere Bangla National Stadium, Mirpur",3,25.39,1.74,13.36,65.9,open-meteo-archive,2015-01-01..2024-12-31
"Shere Bangla National Stadium, Mirpur",4,28.18,5.00,16.56,73.8,open-meteo-archive,2015-01-01..2024-12-31
"Shere Bangla National Stadium, Mirpur",5,28.56,8.10,16.58,79.5,open-meteo-archive,2015-01-01..2024-12-31
"Shere Bangla National Stadium, Mirpur",6,28.65,10.62,18.27,84.1,open-meteo-archive,2015-01-01..2024-12-31
"Shere Bangla National Stadium, Mirpur",7,28.32,9.79,18.31,85.0,open-meteo-archive,2015-01-01..2024-12-31
"Shere Bangla National Stadium, Mirpur",8,28.28,9.40,17.34,84.8,open-meteo-archive,2015-01-01..2024-12-31
"Shere Bangla National Stadium, Mirpur",9,28.26,8.17,13.88,84.8,open-meteo-archive,2015-01-01..2024-12-31
"Shere Bangla National Stadium, Mirpur",10,26.79,6.11,11.03,81.8,open-meteo-archive,2015-01-01..2024-12-31
"Shere Bangla National Stadium, Mirpur",11,23.44,0.85,9.48,73.6,open-meteo-archive,2015-01-01..2024-12-31
"Shere Bangla National Stadium, Mirpur",12,19.68,1.12,9.74,75.0,open-meteo-archive,2015-01-01..2024-12-31
Dubai International Cricket Stadium,1,19.37,0.78,21.35,65.9,open-meteo-archive,2015-01-01..2024-12-31
Dubai International Cricket Stadium,2,20.44,0.44,23.19,64.1,open-meteo-archive,2015-01-01..2024-12-31
Dubai International Cricket Stadium,3,23.17,0.54,24.80,60.7,open-meteo-archive,2015-01-01..2024-12-31
Dubai International Cricket Stadium,4,26.87,0.54,24.85,52.8,open-meteo-archive,2015-01-01..2024-12-31
Dubai International Cricket Stadium,5,30.83,0.06,25.28,51.2,open-meteo-archive,2015-01-01..2024-12-31
Dubai International Cricket Stadium,6,33.72,0.00,24.82,53.9,open-meteo-archive,2015-01-01..2024-12-31
Dubai International Cricket Stadium,7,35.54,0.07,24.72,52.7,open-meteo-archive,2015-01-01..2024-12-31
Dubai International Cricket Stadium,8,35.32,0.01,24.27,52.4,open-meteo-archive,2015-01-01..2024-12-31
Dubai International Cricket Stadium,9,33.01,0.01,23.31,58.5,open-meteo-archive,2015-01-01..2024-12-31
Dubai International Cricket Stadium,10,29.83,0.08,21.88,60.6,open-meteo-archive,2015-01-01..2024-12-31
Dubai International Cricket Stadium,11,25.71,0.16,20.89,59.3,open-meteo-archive,2015-01-01..2024-12-31
Dubai International Cricket Stadium,12,21.59,0.33,19.43,63.9,open-meteo-archive,2015-01-01..2024-12-31
Sharjah Cricket Stadium,1,19.61,0.74,21.80,66.1,open-meteo-archive,2015-01-01..2024-12-31
Sharjah Cricket Stadium,2,20.61,0.54,23.28,65.1,open-meteo-archive,2015-01-01..2024-12-31
Sharjah Cricket Stadium,3,23.19,0.54,24.66,61.7,open-meteo-archive,2015-01-01..2024-12-31
Sharjah Cricket Stadium,4,26.80,0.41,24.34,54.8,open-meteo-archive,2015-01-01..2024-12-31
Sharjah Cricket Stadium,5,30.63,0.05,24.71,53.2,open-meteo-archive,2015-01-01..2024-12-31
Sharjah Cricket Stadium,6,33.59,0.00,24.07,55.2,open-meteo-archive,2015-01-01..2024-12-31
Sharjah Cricket Stadium,7,35.26,0.08,24.08,54.5,open-meteo-archive,2015-01-01..2024-12-31
Sharjah Cricket Stadium,8,35.05,0.01,23.38,54.7,open-meteo-archive,2015-01-01..2024-12-31
Sharjah Cricket Stadium,9,32.85,0.01,22.72,60.1,open-meteo-archive,2015-01-01..2024-12-31
Sharjah Cricket Stadium,10,29.84,0.08,21.23,62.2,open-meteo-archive,2015-01-01..2024-12-31
Sharjah Cricket Stadium,11,25.81,0.23,20.99,60.2,open-meteo-archive,2015-01-01..2024-12-31
Sharjah Cricket Stadium,12,21.87,0.21,19.49,63.3,open-meteo-archive,2015-01-01..2024-12-31
Al Amerat Cricket Ground Oman Cricket (Ministry Turf 1),1,20.31,0.39,17.65,59.9,open-meteo-archive,2015-01-01..2024-12-31
Al Amerat Cricket Ground Oman Cricket (Ministry Turf 1),2,22.09,0.36,18.98,56.0,open-meteo-archive,2015-01-01..2024-12-31
Al Amerat Cricket Ground Oman Cricket (Ministry Turf 1),3,25.72,0.34,19.53,46.1,open-meteo-archive,2015-01-01..2024-12-31
Al Amerat Cricket Ground Oman Cricket (Ministry Turf 1),4,30.51,0.28,19.99,34.4,open-meteo-archive,2015-01-01..2024-12-31
Al Amerat Cricket Ground Oman Cricket (Ministry Turf 1),5,34.80,0.08,20.60,29.2,open-meteo-archive,2015-01-01..2024-12-31
Al Amerat Cricket Ground Oman Cricket (Ministry Turf 1),6,36.02,0.02,19.18,37.1,open-meteo-archive,2015-01-01..2024-12-31
Al Amerat Cricket Ground Oman Cricket (Ministry Turf 1),7,35.55,0.35,18.38,46.5,open-meteo-archive,2015-01-01..2024-12-31
Al Amerat Cricket Ground Oman Cricket (Ministry Turf 1),8,34.28,0.01,17.32,46.7,open-meteo-archive,2015-01-01..2024-12-31
Al Amerat Cricket Ground Oman Cricket (Ministry Turf 1),9,32.68,0.01,17.15,44.8,open-meteo-archive,2015-01-01..2024-12-31
Al Amerat Cricket Ground Oman Cricket (Ministry Turf 1),10,29.45,0.48,17.24,46.9,open-meteo-archive,2015-01-01..2024-12-31
Al Amerat Cricket Ground Oman Cricket (Ministry Turf 1),11,25.05,0.23,17.18,54.9,open-meteo-archive,2015-01-01..2024-12-31
Al Amerat Cricket Ground Oman Cricket (Ministry Turf 1),12,21.51,0.25,16.34,60.4,open-meteo-archive,2015-01-01..2024-12-31
Melbourne Cricket Ground,1,20.37,2.40,24.29,67.8,open-meteo-archive,2015-01-01..2024-12-31
Melbourne Cricket Ground,2,19.67,1.14,23.68,67.2,open-meteo-archive,2015-01-01..2024-12-31
Melbourne Cricket Ground,3,18.41,1.32,22.64,68.7,open-meteo-archive,2015-01-01..2024-12-31
Melbourne Cricket Ground,4,15.22,2.34,20.49,73.5,open-meteo-archive,2015-01-01..2024-12-31
Melbourne Cricket Ground,5,12.27,2.07,21.55,77.1,open-meteo-archive,2015-01-01..2024-12-31
Melbourne Cricket Ground,6,10.02,1.99,20.18,81.3,open-meteo-archive,2015-01-01..2024-12-31
Melbourne Cricket Ground,7,9.65,1.92,23.40,78.9,open-meteo-archive,2015-01-01..2024-12-31
Melbourne Cricket Ground,8,10.50,2.16,23.48,76.3,open-meteo-archive,2015-01-01..2024-12-31
Melbourne Cricket Ground,9,12.18,2.38,24.37,72.8,open-meteo-archive,2015-01-01..2024-12-31
Melbourne Cricket Ground,10,14.50,2.64,24.54,70.5,open-meteo-archive,2015-01-01..2024-12-31
Melbourne Cricket Ground,11,16.54,2.88,24.03,69.5,open-meteo-archive,2015-01-01..2024-12-31
Melbourne Cricket Ground,12,18.65,2.20,24.33,66.4,open-meteo-archive,2015-01-01..2024-12-31
Adelaide Oval,1,22.49,1.34,24.06,55.3,open-meteo-archive,2015-01-01..2024-12-31
Adelaide Oval,2,21.81,0.65,23.58,55.1,open-meteo-archive,2015-01-01..2024-12-31
Adelaide Oval,3,20.38,0.59,21.58,59.2,open-meteo-archive,2015-01-01..2024-12-31
Adelaide Oval,4,17.24,1.63,20.75,63.7,open-meteo-archive,2015-01-01..2024-12-31
Adelaide Oval,5,14.03,2.16,21.49,71.2,open-meteo-archive,2015-01-01..2024-12-31
Adelaide Oval,6,11.70,2.91,20.54,76.5,open-meteo-archive,2015-01-01..2024-12-31
Adelaide Oval,7,11.19,2.80,23.26,77.0,open-meteo-archive,2015-01-01..2024-12-31
Adelaide Oval,8,11.81,2.69,22.86,74.9,open-meteo-archive,2015-01-01..2024-12-31
Adelaide Oval,9,13.47,1.87,23.82,69.1,open-meteo-archive,2015-01-01..2024-12-31
Adelaide Oval,10,16.28,1.51,24.32,62.7,open-meteo-archive,2015-01-01..2024-12-31
Adelaide Oval,11,18.32,1.46,24.22,59.8,open-meteo-archive,2015-01-01..2024-12-31
Adelaide Oval,12,20.99,0.79,24.40,54.3,open-meteo-archive,2015-01-01..2024-12-31
Sylhet International Cricket Stadium,1,17.63,0.45,8.92,77.8,open-meteo-archive,2015-01-01..2024-12-31
Sylhet International Cricket Stadium,2,19.87,1.07,10.14,72.8,open-meteo-archive,2015-01-01..2024-12-31
Sylhet International Cricket Stadium,3,23.20,4.06,11.56,72.6,open-meteo-archive,2015-01-01..2024-12-31
Sylhet International Cricket Stadium,4,25.10,15.66,11.78,81.7,open-meteo-archive,2015-01-01..2024-12-31
Sylhet International Cricket Stadium,5,26.47,17.72,11.19,84.2,open-meteo-archive,2015-01-01..2024-12-31
Sylhet International Cricket Stadium,6,27.13,26.92,11.02,88.4,open-meteo-archive,2015-01-01..2024-12-31
Sylhet International Cricket Stadium,7,27.67,25.35,11.16,87.5,open-meteo-archive,2015-01-01..2024-12-31
Sylhet International Cricket Stadium,8,27.81,20.00,10.54,87.0,open-meteo-archive,2015-01-01..2024-12-31
Sylhet International Cricket Stadium,9,27.70,14.37,9.60,86.6,open-meteo-archive,2015-01-01..2024-12-31
Sylhet International Cricket Stadium,10,26.15,8.72,9.01,83.8,open-meteo-archive,2015-01-01..2024-12-31
Sylhet International Cricket Stadium,11,22.86,0.72,8.46,76.7,open-meteo-archive,2015-01-01..2024-12-31
Sylhet International Cricket Stadium,12,19.21,0.76,8.26,77.3,open-meteo-archive,2015-01-01..2024-12-31
Sydney Cricket Ground,1,22.84,3.22,22.39,76.7,open-meteo-archive,2015-01-01..2024-12-31
Sydney Cricket Ground,2,22.43,3.85,22.20,75.9,open-meteo-archive,2015-01-01..2024-12-31
Sydney Cricket Ground,3,21.13,4.92,21.02,77.2,open-meteo-archive,2015-01-01..2024-12-31
Sydney Cricket Ground,4,18.22,3.18,18.30,76.5,open-meteo-archive,2015-01-01..2024-12-31
Sydney Cricket Ground,5,14.91,2.03,18.34,74.0,open-meteo-archive,2015-01-01..2024-12-31
Sydney Cricket Ground,6,12.50,2.72,18.16,76.1,open-meteo-archive,2015-01-01..2024-12-31
Sydney Cricket Ground,7,12.11,2.07,19.53,70.8,open-meteo-archive,2015-01-01..2024-12-31
Sydney Cricket Ground,8,13.05,1.59,20.09,68.1,open-meteo-archive,2015-01-01..2024-12-31
Sydney Cricket Ground,9,15.45,1.67,22.09,66.8,open-meteo-archive,2015-01-01..2024-12-31
Sydney Cricket Ground,10,17.79,2.45,22.65,70.9,open-meteo-archive,2015-01-01..2024-12-31
Sydney Cricket Ground,11,19.56,2.73,22.56,72.5,open-meteo-archive,2015-01-01..2024-12-31
Sydney Cricket Ground,12,21.58,2.14,22.45,72.9,open-meteo-archive,2015-01-01..2024-12-31
"Zahur Ahmed Chowdhury Stadium, Chattogram",1,19.22,0.35,12.31,74.6,open-meteo-archive,2015-01-01..2024-12-31
"Zahur Ahmed Chowdhury Stadium, Chattogram",2,21.65,0.21,13.96,71.4,open-meteo-archive,2015-01-01..2024-12-31
"Zahur Ahmed Chowdhury Stadium, Chattogram",3,25.48,1.27,16.30,72.2,open-meteo-archive,2015-01-01..2024-12-31
"Zahur Ahmed Chowdhury Stadium, Chattogram",4,27.85,2.65,18.98,79.8,open-meteo-archive,2015-01-01..2024-12-31
"Zahur Ahmed Chowdhury Stadium, Chattogram",5,28.39,6.36,18.77,82.2,open-meteo-archive,2015-01-01..2024-12-31
"Zahur Ahmed Chowdhury Stadium, Chattogram",6,27.65,16.09,21.57,87.3,open-meteo-archive,2015-01-01..2024-12-31
"Zahur Ahmed Chowdhury Stadium, Chattogram",7,27.32,18.00,22.24,88.5,open-meteo-archive,2015-01-01..2024-12-31
"Zahur Ahmed Chowdhury Stadium, Chattogram",8,27.27,15.04,20.32,88.5,open-meteo-archive,2015-01-01..2024-12-31
"Zahur Ahmed Chowdhury Stadium, Chattogram",9,27.54,11.19,15.95,88.1,open-meteo-archive,2015-01-01..2024-12-31
"Zahur Ahmed Chowdhury Stadium, Chattogram",10,26.85,6.54,12.94,85.5,open-meteo-archive,2015-01-01..2024-12-31
"Zahur Ahmed Chowdhury Stadium, Chattogram",11,23.92,1.40,11.09,79.0,open-meteo-archive,2015-01-01..2024-12-31
"Zahur Ahmed Chowdhury Stadium, Chattogram",12,20.64,0.70,11.51,77.2,open-meteo-archive,2015-01-01..2024-12-31
"Bayuemas Oval, Kuala Lumpur",1,26.13,8.93,9.72,86.2,open-meteo-archive,2015-01-01..2024-12-31
"Bayuemas Oval, Kuala Lumpur",2,26.63,5.98,10.94,82.4,open-meteo-archive,2015-01-01..2024-12-31
"Bayuemas Oval, Kuala Lumpur",3,27.01,8.44,10.91,83.9,open-meteo-archive,2015-01-01..2024-12-31
"Bayuemas Oval, Kuala Lumpur",4,27.09,10.50,10.84,86.4,open-meteo-archive,2015-01-01..2024-12-31
"Bayuemas Oval, Kuala Lumpur",5,27.28,10.80,10.93,87.0,open-meteo-archive,2015-01-01..2024-12-31
"Bayuemas Oval, Kuala Lumpur",6,27.16,6.25,11.24,84.9,open-meteo-archive,2015-01-01..2024-12-31
"Bayuemas Oval, Kuala Lumpur",7,27.12,5.45,11.74,83.2,open-meteo-archive,2015-01-01..2024-12-31
"Bayuemas Oval, Kuala Lumpur",8,26.90,7.41,11.70,84.0,open-meteo-archive,2015-01-01..2024-12-31
"Bayuemas Oval, Kuala Lumpur",9,26.81,8.87,11.44,84.6,open-meteo-archive,2015-01-01..2024-12-31
"Bayuemas Oval, Kuala Lumpur",10,26.70,9.14,11.48,85.8,open-meteo-archive,2015-01-01..2024-12-31
"Bayuemas Oval, Kuala Lumpur",11,26.18,13.72,10.21,89.0,open-meteo-archive,2015-01-01..2024-12-31
"Bayuemas Oval, Kuala Lumpur",12,26.14,11.60,10.08,88.1,open-meteo-archive,2015-01-01..2024-12-31
Harare Sports Club,1,19.80,7.19,15.73,78.3,open-meteo-archive,2015-01-01..2024-12-31
Harare Sports Club,2,20.10,4.49,15.97,76.9,open-meteo-archive,2015-01-01..2024-12-31
Harare Sports Club,3,19.73,2.48,15.51,73.2,open-meteo-archive,2015-01-01..2024-12-31
Harare Sports Club,4,18.38,1.53,15.24,68.6,open-meteo-archive,2015-01-01..2024-12-31
Harare Sports Club,5,16.46,0.14,14.48,59.0,open-meteo-archive,2015-01-01..2024-12-31
Harare Sports Club,6,14.45,0.06,15.60,57.5,open-meteo-archive,2015-01-01..2024-12-31
Harare Sports Club,7,14.29,0.05,16.23,53.6,open-meteo-archive,2015-01-01..2024-12-31
Harare Sports Club,8,17.05,0.01,17.56,46.6,open-meteo-archive,2015-01-01..2024-12-31
Harare Sports Club,9,20.11,0.04,19.73,42.0,open-meteo-archive,2015-01-01..2024-12-31
Harare Sports Club,10,21.96,0.64,20.06,45.6,open-meteo-archive,2015-01-01..2024-12-31
Harare Sports Club,11,21.65,2.98,18.54,59.6,open-meteo-archive,2015-01-01..2024-12-31
Harare Sports Club,12,21.23,4.38,16.98,69.0,open-meteo-archive,2015-01-01..2024-12-31
"Warner Park, Basseterre, St Kitts",1,24.88,1.47,23.85,75.0,open-meteo-archive,2015-01-01..2024-12-31
"Warner Park, Basseterre, St Kitts",2,24.72,1.86,24.99,74.4,open-meteo-archive,2015-01-01..2024-12-31
"Warner Park, Basseterre, St Kitts",3,24.96,1.32,24.50,73.0,open-meteo-archive,2015-01-01..2024-12-31
"Warner Park, Basseterre, St Kitts",4,25.52,1.88,22.79,74.7,open-meteo-archive,2015-01-01..2024-12-31
"Warner Park, Basseterre, St Kitts",5,26.46,2.01,23.47,76.0,open-meteo-archive,2015-01-01..2024-12-31
"Warner Park, Basseterre, St Kitts",6,27.16,1.76,25.44,76.2,open-meteo-archive,2015-01-01..2024-12-31
"Warner Park, Basseterre, St Kitts",7,27.31,2.47,27.03,77.3,open-meteo-archive,2015-01-01..2024-12-31
"Warner Park, Basseterre, St Kitts",8,27.55,3.19,24.76,78.1,open-meteo-archive,2015-01-01..2024-12-31
"Warner Park, Basseterre, St Kitts",9,27.61,4.02,21.17,78.9,open-meteo-archive,2015-01-01..2024-12-31
"Warner Park, Basseterre, St Kitts",10,27.27,3.48,20.47,78.5,open-meteo-archive,2015-01-01..2024-12-31
"Warner Park, Basseterre, St Kitts",11,26.48,3.35,22.10,78.0,open-meteo-archive,2015-01-01..2024-12-31
"Warner Park, Basseterre, St Kitts",12,25.70,1.78,24.67,75.0,open-meteo-archive,2015-01-01..2024-12-31
Pallekele International Cricket Stadium,1,23.14,1.93,15.03,82.5,open-meteo-archive,2015-01-01..2024-12-31
Pallekele International Cricket Stadium,2,23.77,2.04,16.07,80.8,open-meteo-archive,2015-01-01..2024-12-31
Pallekele International Cricket Stadium,3,25.09,2.19,13.65,77.1,open-meteo-archive,2015-01-01..2024-12-31
Pallekele International Cricket Stadium,4,25.88,4.02,11.33,79.2,open-meteo-archive,2015-01-01..2024-12-31
Pallekele International Cricket Stadium,5,25.28,6.32,16.29,84.5,open-meteo-archive,2015-01-01..2024-12-31
Pallekele International Cricket Stadium,6,24.87,2.48,21.93,82.5,open-meteo-archive,2015-01-01..2024-12-31
Pallekele International Cricket Stadium,7,24.60,3.18,21.88,81.6,open-meteo-archive,2015-01-01..2024-12-31
Pallekele International Cricket Stadium,8,24.35,3.58,21.08,82.9,open-meteo-archive,2015-01-01..2024-12-31
Pallekele International Cricket Stadium,9,24.28,3.43,19.62,83.0,open-meteo-archive,2015-01-01..2024-12-31
Pallekele International Cricket Stadium,10,23.96,9.27,14.64,86.2,open-meteo-archive,2015-01-01..2024-12-31
Pallekele International Cricket Stadium,11,23.59,9.75,12.49,88.4,open-meteo-archive,2015-01-01..2024-12-31
Pallekele International Cricket Stadium,12,23.34,4.59,14.34,86.6,open-meteo-archive,2015-01-01..2024-12-31
Marsa Sports Club,1,13.52,1.15,32.33,71.8,open-meteo-archive,2015-01-01..2024-12-31
Marsa Sports Club,2,13.66,1.61,31.05,73.8,open-meteo-archive,2015-01-01..2024-12-31
Marsa Sports Club,3,14.51,1.07,31.34,74.4,open-meteo-archive,2015-01-01..2024-12-31
Marsa Sports Club,4,16.35,0.46,28.71,75.3,open-meteo-archive,2015-01-01..2024-12-31
Marsa Sports Club,5,19.56,0.46,26.50,74.3,open-meteo-archive,2015-01-01..2024-12-31
Marsa Sports Club,6,24.04,0.09,21.84,70.8,open-meteo-archive,2015-01-01..2024-12-31
Marsa Sports Club,7,27.10,0.03,19.88,68.8,open-meteo-archive,2015-01-01..2024-12-31
Marsa Sports Club,8,27.62,0.17,19.35,69.8,open-meteo-archive,2015-01-01..2024-12-31
Marsa Sports Club,9,25.42,1.05,22.99,71.6,open-meteo-archive,2015-01-01..2024-12-31
Marsa Sports Club,10,22.27,1.75,24.78,73.9,open-meteo-archive,2015-01-01..2024-12-31
Marsa Sports Club,11,18.86,2.50,27.60,72.8,open-meteo-archive,2015-01-01..2024-12-31
Marsa Sports Club,12,15.47,1.20,30.32,72.1,open-meteo-archive,2015-01-01..2024-12-31
Perth Stadium,1,25.09,0.74,28.34,48.1,open-meteo-archive,2015-01-01..2024-12-31
Perth Stadium,2,25.10,0.87,26.62,51.6,open-meteo-archive,2015-01-01..2024-12-31
Perth Stadium,3,23.19,1.20,24.43,57.1,open-meteo-archive,2015-01-01..2024-12-31
Perth Stadium,4,19.48,1.28,22.14,62.8,open-meteo-archive,2015-01-01..2024-12-31
Perth Stadium,5,16.10,2.52,20.85,68.1,open-meteo-archive,2015-01-01..2024-12-31
Perth Stadium,6,13.83,3.29,20.10,75.3,open-meteo-archive,2015-01-01..2024-12-31
Perth Stadium,7,13.35,3.84,22.41,76.8,open-meteo-archive,2015-01-01..2024-12-31
Perth Stadium,8,13.31,3.44,22.60,75.6,open-meteo-archive,2015-01-01..2024-12-31
Perth Stadium,9,14.79,1.57,22.95,71.6,open-meteo-archive,2015-01-01..2024-12-31
Perth Stadium,10,17.23,1.32,24.90,65.8,open-meteo-archive,2015-01-01..2024-12-31
Perth Stadium,11,20.51,0.74,25.85,56.9,open-meteo-archive,2015-01-01..2024-12-31
Perth Stadium,12,23.85,0.27,27.15,48.8,open-meteo-archive,2015-01-01..2024-12-31
"Providence Stadium, Guyana",1,25.76,4.34,18.56,81.1,open-meteo-archive,2015-01-01..2024-12-31
"Providence Stadium, Guyana",2,25.91,4.00,20.12,79.2,open-meteo-archive,2015-01-01..2024-12-31
"Providence Stadium, Guyana",3,26.28,3.51,19.91,78.4,open-meteo-archive,2015-01-01..2024-12-31
"Providence Stadium, Guyana",4,26.59,5.25,19.37,79.7,open-meteo-archive,2015-01-01..2024-12-31
"Providence Stadium, Guyana",5,26.35,10.88,18.65,84.6,open-meteo-archive,2015-01-01..2024-12-31
"Providence Stadium, Guyana",6,26.09,12.05,16.11,86.8,open-meteo-archive,2015-01-01..2024-12-31
"Providence Stadium, Guyana",7,26.33,10.11,14.54,86.2,open-meteo-archive,2015-01-01..2024-12-31
"Providence Stadium, Guyana",8,27.08,6.25,14.19,84.0,open-meteo-archive,2015-01-01..2024-12-31
"Providence Stadium, Guyana",9,27.70,4.14,15.16,82.2,open-meteo-archive,2015-01-01..2024-12-31
"Providence Stadium, Guyana",10,27.69,4.49,16.51,81.4,open-meteo-archive,2015-01-01..2024-12-31
"Providence Stadium, Guyana",11,27.01,6.74,16.53,83.1,open-meteo-archive,2015-01-01..2024-12-31
"Providence Stadium, Guyana",12,26.18,8.24,17.63,83.7,open-meteo-archive,2015-01-01..2024-12-31
"Queen's Park Oval, Port of Spain",1,26.02,1.03,17.69,75.0,open-meteo-archive,2015-01-01..2024-12-31
"Queen's Park Oval, Port of Spain",2,26.35,0.90,19.19,71.8,open-meteo-archive,2015-01-01..2024-12-31
"Queen's Park Oval, Port of Spain",3,26.70,1.06,19.41,71.4,open-meteo-archive,2015-01-01..2024-12-31
"Queen's Park Oval, Port of Spain",4,27.47,1.25,19.05,71.1,open-meteo-archive,2015-01-01..2024-12-31
"Queen's Park Oval, Port of Spain",5,27.84,1.55,20.16,72.7,open-meteo-archive,2015-01-01..2024-12-31
"Queen's Park Oval, Port of Spain",6,27.23,3.35,19.02,78.0,open-meteo-archive,2015-01-01..2024-12-31
"Queen's Park Oval, Port of Spain",7,27.02,3.65,16.95,80.6,open-meteo-archive,2015-01-01..2024-12-31
"Queen's Park Oval, Port of Spain",8,27.26,4.43,15.05,81.4,open-meteo-archive,2015-01-01..2024-12-31
"Queen's Park Oval, Port of Spain",9,27.71,3.97,15.18,80.5,open-meteo-archive,2015-01-01..2024-12-31
"Queen's Park Oval, Port of Spain",10,27.44,3.79,15.93,81.1,open-meteo-archive,2015-01-01..2024-12-31
"Queen's Park Oval, Port of Spain",11,26.84,3.58,16.37,81.6,open-meteo-archive,2015-01-01..2024-12-31
"Queen's Park Oval, Port of Spain",12,26.34,2.07,17.25,78.8,open-meteo-archive,2015-01-01..2024-12-31
"West End Park International Cricket Stadium, Doha",1,17.66,0.48,22.66,66.4,open-meteo-archive,2015-01-01..2024-12-31
"West End Park International Cricket Stadium, Doha",2,18.95,0.39,24.69,60.9,open-meteo-archive,2015-01-01..2024-12-31
"West End Park International Cricket Stadium, Doha",3,22.59,0.32,25.16,52.4,open-meteo-archive,2015-01-01..2024-12-31
"West End Park International Cricket Stadium, Doha",4,27.37,0.29,25.35,42.2,open-meteo-archive,2015-01-01..2024-12-31
"West End Park International Cricket Stadium, Doha",5,32.69,0.14,25.93,34.0,open-meteo-archive,2015-01-01..2024-12-31
"West End Park International Cricket Stadium, Doha",6,35.65,0.00,28.37,33.4,open-meteo-archive,2015-01-01..2024-12-31
"West End Park International Cricket Stadium, Doha",7,36.70,0.03,24.89,41.4,open-meteo-archive,2015-01-01..2024-12-31
"West End Park International Cricket Stadium, Doha",8,36.28,0.00,22.95,48.8,open-meteo-archive,2015-01-01..2024-12-31
"West End Park International Cricket Stadium, Doha",9,33.89,0.01,21.15,53.4,open-meteo-archive,2015-01-01..2024-12-31
"West End Park International Cricket Stadium, Doha",10,30.10,0.07,20.61,56.2,open-meteo-archive,2015-01-01..2024-12-31
"West End Park International Cricket Stadium, Doha",11,24.94,0.35,20.51,61.7,open-meteo-archive,2015-01-01..2024-12-31
"West End Park International Cricket Stadium, Doha",12,19.88,0.28,20.55,67.7,open-meteo-archive,2015-01-01..2024-12-31
"Kensington Oval, Bridgetown",1,25.58,1.06,25.85,73.2,open-meteo-archive,2015-01-01..2024-12-31
"Kensington Oval, Bridgetown",2,25.60,0.87,26.70,71.3,open-meteo-archive,2015-01-01..2024-12-31
"Kensington Oval, Bridgetown",3,25.84,0.91,25.90,71.2,open-meteo-archive,2015-01-01..2024-12-31
"Kensington Oval, Bridgetown",4,26.49,0.92,24.86,71.5,open-meteo-archive,2015-01-01..2024-12-31
"Kensington Oval, Bridgetown",5,27.12,0.92,26.70,72.7,open-meteo-archive,2015-01-01..2024-12-31
"Kensington Oval, Bridgetown",6,27.19,1.94,27.81,75.6,open-meteo-archive,2015-01-01..2024-12-31
"Kensington Oval, Bridgetown",7,27.08,2.79,26.54,78.0,open-meteo-archive,2015-01-01..2024-12-31
"Kensington Oval, Bridgetown",8,27.27,3.33,22.70,79.3,open-meteo-archive,2015-01-01..2024-12-31
"Kensington Oval, Bridgetown",9,27.61,3.75,20.13,78.5,open-meteo-archive,2015-01-01..2024-12-31
"Kensington Oval, Bridgetown",10,27.30,3.42,21.78,79.2,open-meteo-archive,2015-01-01..2024-12-31
"Kensington Oval, Bridgetown",11,26.74,3.38,23.72,78.9,open-meteo-archive,2015-01-01..2024-12-31
"Kensington Oval, Bridgetown",12,26.24,1.49,25.48,74.8,open-meteo-archive,2015-01-01..2024-12-31
"Warner Park, Basseterre",1,25.15,1.47,23.85,75.1,open-meteo-archive,2015-01-01..2024-12-31
"Warner Park, Basseterre",2,24.99,1.86,24.99,74.5,open-meteo-archive,2015-01-01..2024-12-31
"Warner Park, Basseterre",3,25.22,1.32,24.50,73.0,open-meteo-archive,2015-01-01..2024-12-31
"Warner Park, Basseterre",4,25.79,1.88,22.79,74.7,open-meteo-archive,2015-01-01..2024-12-31
"Warner Park, Basseterre",5,26.72,2.01,23.47,76.1,open-meteo-archive,2015-01-01..2024-12-31
"Warner Park, Basseterre",6,27.43,1.76,25.44,76.2,open-meteo-archive,2015-01-01..2024-12-31
"Warner Park, Basseterre",7,27.58,2.47,27.03,77.3,open-meteo-archive,2015-01-01..2024-12-31
"Warner Park, Basseterre",8,27.82,3.19,24.76,78.2,open-meteo-archive,2015-01-01..2024-12-31
"Warner Park, Basseterre",9,27.88,4.02,21.17,78.9,open-meteo-archive,2015-01-01..2024-12-31
"Warner Park, Basseterre",10,27.54,3.48,20.47,78.6,open-meteo-archive,2015-01-01..2024-12-31
"Warner Park, Basseterre",11,26.75,3.35,22.10,78.0,open-meteo-archive,2015-01-01..2024-12-31
"Warner Park, Basseterre",12,25.97,1.78,24.67,75.0,open-meteo-archive,2015-01-01..2024-12-31
Sydney Showground Stadium,1,23.21,2.91,19.96,74.3,open-meteo-archive,2015-01-01..2024-12-31
Sydney Showground Stadium,2,22.51,3.37,20.03,74.6,open-meteo-archive,2015-01-01..2024-12-31
Sydney Showground Stadium,3,20.97,4.36,18.63,76.7,open-meteo-archive,2015-01-01..2024-12-31
Sydney Showground Stadium,4,17.85,2.89,16.61,76.7,open-meteo-archive,2015-01-01..2024-12-31
Sydney Showground Stadium,5,14.41,1.65,16.15,74.5,open-meteo-archive,2015-01-01..2024-12-31
Sydney Showground Stadium,6,11.87,2.26,15.90,77.3,open-meteo-archive,2015-01-01..2024-12-31
Sydney Showground Stadium,7,11.61,1.88,17.46,71.7,open-meteo-archive,2015-01-01..2024-12-31
Sydney Showground Stadium,8,12.71,1.47,18.26,68.2,open-meteo-archive,2015-01-01..2024-12-31
Sydney Showground Stadium,9,15.29,1.52,20.20,66.0,open-meteo-archive,2015-01-01..2024-12-31
Sydney Showground Stadium,10,17.88,2.45,20.40,69.1,open-meteo-archive,2015-01-01..2024-12-31
Sydney Showground Stadium,11,19.84,2.69,20.63,70.0,open-meteo-archive,2015-01-01..2024-12-31
Sydney Showground Stadium,12,22.06,1.93,20.62,69.8,open-meteo-archive,2015-01-01..2024-12-31
"Zayed Cricket Stadium, Abu Dhabi",1,19.87,0.50,21.95,66.1,open-meteo-archive,2015-01-01..2024-12-31
"Zayed Cricket Stadium, Abu Dhabi",2,20.92,0.24,24.03,62.2,open-meteo-archive,2015-01-01..2024-12-31
"Zayed Cricket Stadium, Abu Dhabi",3,23.99,0.46,25.49,57.3,open-meteo-archive,2015-01-01..2024-12-31
"Zayed Cricket Stadium, Abu Dhabi",4,27.91,0.31,25.77,49.5,open-meteo-archive,2015-01-01..2024-12-31
"Zayed Cricket Stadium, Abu Dhabi",5,31.94,0.07,26.14,47.9,open-meteo-archive,2015-01-01..2024-12-31
"Zayed Cricket Stadium, Abu Dhabi",6,34.43,0.00,26.00,52.5,open-meteo-archive,2015-01-01..2024-12-31
"Zayed Cricket Stadium, Abu Dhabi",7,36.18,0.01,25.01,51.2,open-meteo-archive,2015-01-01..2024-12-31
"Zayed Cricket Stadium, Abu Dhabi",8,36.00,0.02,24.70,52.2,open-meteo-archive,2015-01-01..2024-12-31
"Zayed Cricket Stadium, Abu Dhabi",9,33.79,0.01,23.44,57.4,open-meteo-archive,2015-01-01..2024-12-31
"Zayed Cricket Stadium, Abu Dhabi",10,30.49,0.03,22.18,60.4,open-meteo-archive,2015-01-01..2024-12-31
"Zayed Cricket Stadium, Abu Dhabi",11,26.23,0.08,20.92,60.5,open-meteo-archive,2015-01-01..2024-12-31
"Zayed Cricket Stadium, Abu Dhabi",12,22.06,0.11,19.99,66.3,open-meteo-archive,2015-01-01..2024-12-31
Feroz Shah Kotla,1,12.81,1.06,12.98,78.5,open-meteo-archive,2015-01-01..2024-12-31
Feroz Shah Kotla,2,16.78,0.82,14.93,68.8,open-meteo-archive,2015-01-01..2024-12-31
Feroz Shah Kotla,3,22.08,0.99,16.72,57.7,open-meteo-archive,2015-01-01..2024-12-31
Feroz Shah Kotla,4,28.77,0.33,18.41,36.3,open-meteo-archive,2015-01-01..2024-12-31
Feroz Shah Kotla,5,31.89,1.02,19.03,39.3,open-meteo-archive,2015-01-01..2024-12-31
Feroz Shah Kotla,6,32.91,2.12,18.00,52.1,open-meteo-archive,2015-01-01..2024-12-31
Feroz Shah Kotla,7,29.83,7.88,15.32,77.3,open-meteo-archive,2015-01-01..2024-12-31
Feroz Shah Kotla,8,28.97,5.19,15.03,80.1,open-meteo-archive,2015-01-01..2024-12-31
Feroz Shah Kotla,9,28.30,4.13,14.43,76.4,open-meteo-archive,2015-01-01..2024-12-31
Feroz Shah Kotla,10,25.39,0.58,12.40,63.6,open-meteo-archive,2015-01-01..2024-12-31
Feroz Shah Kotla,11,20.23,0.20,12.13,64.5,open-meteo-archive,2015-01-01..2024-12-31
Feroz Shah Kotla,12,14.76,0.22,11.65,71.2,open-meteo-archive,2015-01-01..2024-12-31
"National Stadium, Karachi",1,18.69,0.23,18.48,57.1,open-meteo-archive,2015-01-01..2024-12-31
"National Stadium, Karachi",2,21.82,0.07,21.16,55.7,open-meteo-archive,2015-01-01..2024-12-31
"National Stadium, Karachi",3,25.01,0.13,24.10,58.9,open-meteo-archive,2015-01-01..2024-12-31
"National Stadium, Karachi",4,28.19,0.05,26.50,64.6,open-meteo-archive,2015-01-01..2024-12-31
"National Stadium, Karachi",5,30.27,0.02,30.28,69.3,open-meteo-archive,2015-01-01..2024-12-31
"National Stadium, Karachi",6,30.76,0.29,28.42,71.7,open-meteo-archive,2015-01-01..2024-12-31
"National Stadium, Karachi",7,29.85,2.82,28.26,76.2,open-meteo-archive,2015-01-01..2024-12-31
"National Stadium, Karachi",8,28.31,3.89,26.55,79.9,open-meteo-archive,2015-01-01..2024-12-31
"National Stadium, Karachi",9,28.48,0.37,24.32,75.5,open-meteo-archive,2015-01-01..2024-12-31
"National Stadium, Karachi",10,28.25,0.16,21.36,66.0,open-meteo-archive,2015-01-01..2024-12-31
"National Stadium, Karachi",11,24.98,0.03,18.15,53.6,open-meteo-archive,2015-01-01..2024-12-31
"National Stadium, Karachi",12,20.47,0.09,17.28,48.9,open-meteo-archive,2015-01-01..2024-12-31
Rawalpindi Cricket Stadium,1,9.98,2.81,11.52,69.1,open-meteo-archive,2015-01-01..2024-12-31
Rawalpindi Cricket Stadium,2,13.14,2.41,13.27,62.0,open-meteo-archive,2015-01-01..2024-12-31
Rawalpindi Cricket Stadium,3,17.25,3.85,14.65,60.7,open-meteo-archive,2015-01-01..2024-12-31
Rawalpindi Cricket Stadium,4,22.33,2.58,15.36,52.8,open-meteo-archive,2015-01-01..2024-12-31
Rawalpindi Cricket Stadium,5,27.21,1.22,15.75,42.6,open-meteo-archive,2015-01-01..2024-12-31
Rawalpindi Cricket Stadium,6,30.23,1.36,14.66,45.9,open-meteo-archive,2015-01-01..2024-12-31
Rawalpindi Cricket Stadium,7,28.54,6.38,12.52,73.2,open-meteo-archive,2015-01-01..2024-12-31
Rawalpindi Cricket Stadium,8,27.67,6.69,11.33,77.4,open-meteo-archive,2015-01-01..2024-12-31
Rawalpindi Cricket Stadium,9,26.64,2.43,11.45,67.6,open-meteo-archive,2015-01-01..2024-12-31
Rawalpindi Cricket Stadium,10,22.51,1.05,12.19,53.2,open-meteo-archive,2015-01-01..2024-12-31
Rawalpindi Cricket Stadium,11,16.27,1.61,11.26,61.9,open-meteo-archive,2015-01-01..2024-12-31
Rawalpindi Cricket Stadium,12,11.72,0.80,10.43,62.1,open-meteo-archive,2015-01-01..2024-12-31
"County Ground, Hove",1,5.52,2.59,27.38,85.0,open-meteo-archive,2015-01-01..2024-12-31
"County Ground, Hove",2,6.33,2.46,28.53,82.5,open-meteo-archive,2015-01-01..2024-12-31
"County Ground, Hove",3,7.40,2.27,26.61,80.9,open-meteo-archive,2015-01-01..2024-12-31
"County Ground, Hove",4,9.10,1.58,22.30,76.5,open-meteo-archive,2015-01-01..2024-12-31
"County Ground, Hove",5,12.42,1.93,21.93,78.2,open-meteo-archive,2015-01-01..2024-12-31
"County Ground, Hove",6,15.59,2.09,21.75,78.0,open-meteo-archive,2015-01-01..2024-12-31
"County Ground, Hove",7,17.45,2.09,22.73,77.0,open-meteo-archive,2015-01-01..2024-12-31
"County Ground, Hove",8,17.51,2.51,22.51,79.0,open-meteo-archive,2015-01-01..2024-12-31
"County Ground, Hove",9,15.64,2.44,22.49,79.1,open-meteo-archive,2015-01-01..2024-12-31
"County Ground, Hove",10,12.88,3.51,25.58,82.2,open-meteo-archive,2015-01-01..2024-12-31
"County Ground, Hove",11,9.19,3.36,27.07,83.9,open-meteo-archive,2015-01-01..2024-12-31
"County Ground, Hove",12,7.65,3.34,28.48,86.4,open-meteo-archive,2015-01-01..2024-12-31
